/****************************************************************************
 * Snes9x GX - Upscaling shaders
 * Daryl Borth 2026
 * ScaleFX.h
 ***************************************************************************/
#pragma once
#include <stdint.h>

namespace scalefx
{
alignas(64) static const uint8_t pass0[1740] = {
	0x47, 0x66, 0x78, 0x32, 0x00, 0x00, 0x00, 0x20, 0x00, 0x00, 0x00, 0x07, 0x00, 0x00, 0x00, 0x01,
	0x00, 0x00, 0x00, 0x02, 0x00, 0x00, 0x00, 0x00, 0x00, 0x00, 0x00, 0x00, 0x00, 0x00, 0x00, 0x00,
	0x42, 0x4c, 0x4b, 0x7b, 0x00, 0x00, 0x00, 0x20, 0x00, 0x00, 0x00, 0x01, 0x00, 0x00, 0x00, 0x00,
	0x00, 0x00, 0x00, 0x03, 0x00, 0x00, 0x01, 0xa0, 0x00, 0x00, 0x00, 0x00, 0x00, 0x00, 0x00, 0x00,
	0x00, 0x00, 0x01, 0x03, 0x00, 0x00, 0x00, 0x00, 0x00, 0x00, 0x00, 0x00, 0x00, 0x00, 0x00, 0x01,
	0xff, 0xff, 0xff, 0x8a, 0xff, 0xff, 0xff, 0xff, 0xff, 0xff, 0xff, 0xff, 0xff, 0xff, 0xff, 0xff,
	0xff, 0xff, 0xff, 0xff, 0xff, 0xff, 0xff, 0xff, 0xff, 0xff, 0xff, 0xff, 0xff, 0xff, 0xff, 0xff,
	0xff, 0xff, 0xff, 0xff, 0xff, 0xff, 0xff, 0xff, 0x00, 0x00, 0x00, 0x00, 0xff, 0xff, 0xff, 0xff,
	0x00, 0x00, 0x00, 0x02, 0x00, 0x00, 0x00, 0x00, 0x00, 0x00, 0x00, 0x01, 0x00, 0x00, 0x00, 0xff,
	0x00, 0x00, 0x00, 0xff, 0x00, 0x00, 0x00, 0xff, 0x00, 0x00, 0x00, 0xff, 0x00, 0x00, 0x00, 0xff,
	0x00, 0x00, 0x00, 0xff, 0x00, 0x00, 0x00, 0xff, 0x00, 0x00, 0x00, 0xff, 0x00, 0x00, 0x00, 0xff,
	0x00, 0x00, 0x00, 0xff, 0x00, 0x00, 0x00, 0xff, 0x00, 0x00, 0x00, 0xff, 0x00, 0x00, 0x00, 0xff,
	0x00, 0x00, 0x00, 0xff, 0x00, 0x00, 0x00, 0xff, 0x00, 0x00, 0x00, 0xff, 0x00, 0x00, 0x00, 0xff,
	0x00, 0x00, 0x00, 0xff, 0x00, 0x00, 0x00, 0xff, 0x00, 0x00, 0x00, 0xff, 0x00, 0x00, 0x00, 0xff,
	0x00, 0x00, 0x00, 0xff, 0x00, 0x00, 0x00, 0xff, 0x00, 0x00, 0x00, 0xff, 0x00, 0x00, 0x00, 0xff,
	0x00, 0x00, 0x00, 0xff, 0x00, 0x00, 0x00, 0xff, 0x00, 0x00, 0x00, 0xff, 0x00, 0x00, 0x00, 0xff,
	0x00, 0x00, 0x00, 0xff, 0x00, 0x00, 0x00, 0x00, 0x00, 0x00, 0x00, 0x0e, 0x00, 0x00, 0x00, 0x10,
	0x00, 0x00, 0x00, 0x18, 0x00, 0x00, 0x00, 0x00, 0x00, 0x00, 0x00, 0x00, 0x00, 0x00, 0x00, 0x00,
	0x00, 0x00, 0x00, 0x00, 0x00, 0x00, 0x00, 0x00, 0x00, 0x00, 0x00, 0x00, 0x00, 0x00, 0x00, 0x00,
	0x00, 0x00, 0x00, 0x00, 0x00, 0x00, 0x00, 0x01, 0xd0, 0x60, 0x01, 0x34, 0x00, 0x00, 0x00, 0x00,
	0x00, 0x00, 0x00, 0x00, 0x00, 0x00, 0x00, 0x02, 0xd0, 0x60, 0x01, 0x3c, 0x00, 0x00, 0x00, 0x00,
	0x00, 0x00, 0x00, 0x00, 0x00, 0x00, 0x00, 0x00, 0x00, 0x00, 0x00, 0x00, 0x00, 0x00, 0x00, 0x00,
	0x00, 0x00, 0x00, 0x00, 0x00, 0x00, 0x00, 0x00, 0x00, 0x00, 0x00, 0x00, 0x00, 0x00, 0x00, 0x00,
	0x00, 0x00, 0x00, 0x00, 0x00, 0x00, 0x00, 0x00, 0x01, 0x00, 0x0f, 0xff, 0xca, 0x70, 0x01, 0x5c,
	0x00, 0x00, 0x00, 0x09, 0x00, 0x00, 0x00, 0x00, 0x00, 0x00, 0x00, 0x00, 0xca, 0x70, 0x01, 0x64,
	0x00, 0x00, 0x00, 0x09, 0x00, 0x00, 0x00, 0x00, 0x00, 0x00, 0x00, 0x01, 0x61, 0x50, 0x6f, 0x73,
	0x00, 0x00, 0x00, 0x00, 0x61, 0x55, 0x56, 0x00, 0xd0, 0x60, 0x00, 0xf8, 0xd0, 0x60, 0x01, 0x08,
	0xca, 0x70, 0x01, 0x3c, 0xca, 0x70, 0x01, 0x4c, 0x7d, 0x42, 0x4c, 0x4b, 0x00, 0x00, 0x00, 0x28,
	0x00, 0x00, 0x00, 0x00, 0x00, 0x00, 0x01, 0x68, 0xd0, 0x60, 0x00, 0x00, 0x00, 0x00, 0x00, 0x0c,
	0xd0, 0x60, 0x01, 0x5c, 0x00, 0x00, 0x00, 0x00, 0x00, 0x00, 0x00, 0x04, 0xd0, 0x60, 0x01, 0x68,
	0x42, 0x4c, 0x4b, 0x7b, 0x00, 0x00, 0x00, 0x20, 0x00, 0x00, 0x00, 0x01, 0x00, 0x00, 0x00, 0x00,
	0x00, 0x00, 0x00, 0x05, 0x00, 0x00, 0x00, 0x18, 0x00, 0x00, 0x00, 0x01, 0x00, 0x00, 0x00, 0x00,
	0x00, 0x00, 0x00, 0x00, 0x00, 0x00, 0x80, 0x89, 0x00, 0x40, 0x01, 0xc0, 0xc8, 0x0f, 0x00, 0x94,
	0x3c, 0xa0, 0x00, 0xc0, 0x08, 0x0b, 0x20, 0x94, 0x42, 0x4c, 0x4b, 0x7b, 0x00, 0x00, 0x00, 0x20,
	0x00, 0x00, 0x00, 0x01, 0x00, 0x00, 0x00, 0x00, 0x00, 0x00, 0x00, 0x06, 0x00, 0x00, 0x01, 0x5c,
	0x00, 0x00, 0x00, 0x02, 0x00, 0x00, 0x00, 0x00, 0x00, 0x20, 0x00, 0x06, 0x00, 0x00, 0x00, 0x02,
	0x10, 0x00, 0x00, 0x01, 0x00, 0x00, 0x00, 0x00, 0x00, 0x00, 0x00, 0x01, 0x00, 0x00, 0x00, 0x8a,
	0x00, 0x00, 0x00, 0x00, 0x00, 0x00, 0x00, 0x00, 0x00, 0x00, 0x00, 0x00, 0x00, 0x00, 0x00, 0x00,
	0x00, 0x00, 0x00, 0x00, 0x00, 0x00, 0x00, 0x00, 0x00, 0x00, 0x00, 0x00, 0x00, 0x00, 0x00, 0x00,
	0x00, 0x00, 0x00, 0x00, 0x00, 0x00, 0x00, 0x00, 0x00, 0x00, 0x00, 0x00, 0x00, 0x00, 0x00, 0x00,
	0x00, 0x00, 0x00, 0x00, 0x00, 0x00, 0x00, 0x00, 0x00, 0x00, 0x00, 0x00, 0x00, 0x00, 0x00, 0x00,
	0x00, 0x00, 0x00, 0x00, 0x00, 0x00, 0x00, 0x00, 0x00, 0x00, 0x00, 0x00, 0x00, 0x00, 0x00, 0x00,
	0x00, 0x00, 0x00, 0x00, 0x00, 0x00, 0x00, 0x00, 0x00, 0x00, 0x00, 0x00, 0x00, 0x00, 0x00, 0x00,
	0x00, 0x00, 0x00, 0x00, 0x00, 0x00, 0x00, 0x00, 0x00, 0x00, 0x00, 0x00, 0x00, 0x00, 0x00, 0x00,
	0x00, 0x00, 0x00, 0x00, 0x00, 0x00, 0x00, 0x00, 0x00, 0x00, 0x00, 0x00, 0x00, 0x00, 0x00, 0x0f,
	0x00, 0x00, 0x00, 0x01, 0x00, 0x00, 0x00, 0x10, 0x00, 0x00, 0x00, 0x00, 0x00, 0x00, 0x02, 0xf8,
	0x00, 0x00, 0x00, 0x00, 0x00, 0x00, 0x00, 0x00, 0x00, 0x00, 0x00, 0x00, 0x00, 0x00, 0x00, 0x00,
	0x00, 0x00, 0x00, 0x01, 0xd0, 0x60, 0x00, 0xe8, 0x00, 0x00, 0x00, 0x00, 0x00, 0x00, 0x00, 0x00,
	0x00, 0x00, 0x00, 0x01, 0xd0, 0x60, 0x00, 0xfc, 0x00, 0x00, 0x00, 0x01, 0xd0, 0x60, 0x01, 0x04,
	0x00, 0x00, 0x00, 0x00, 0x00, 0x00, 0x00, 0x00, 0x00, 0x00, 0x00, 0x00, 0x00, 0x00, 0x00, 0x00,
	0xca, 0x70, 0x01, 0x10, 0x00, 0x00, 0x00, 0x0b, 0x00, 0x00, 0x00, 0x01, 0x00, 0x00, 0x00, 0x00,
	0xff, 0xff, 0xff, 0xff, 0x00, 0x00, 0x00, 0x00, 0x01, 0x00, 0x0f, 0xff, 0xca, 0x70, 0x01, 0x18,
	0x00, 0x00, 0x00, 0x01, 0x00, 0x00, 0x00, 0x00, 0x75, 0x53, 0x69, 0x7a, 0x65, 0x00, 0x00, 0x00,
	0x75, 0x54, 0x65, 0x78, 0x30, 0x00, 0x00, 0x00, 0xd0, 0x60, 0x00, 0xbc, 0xd0, 0x60, 0x00, 0xcc,
	0xd0, 0x60, 0x00, 0xd4, 0xca, 0x70, 0x00, 0xe8, 0xca, 0x70, 0x01, 0x04, 0x7d, 0x42, 0x4c, 0x4b,
	0x00, 0x00, 0x00, 0x28, 0x00, 0x00, 0x00, 0x00, 0x00, 0x00, 0x01, 0x20, 0xd0, 0x60, 0x00, 0x00,
	0x00, 0x00, 0x00, 0x10, 0xd0, 0x60, 0x01, 0x10, 0x00, 0x00, 0x00, 0x00, 0x00, 0x00, 0x00, 0x05,
	0xd0, 0x60, 0x01, 0x20, 0x42, 0x4c, 0x4b, 0x7b, 0x00, 0x00, 0x00, 0x20, 0x00, 0x00, 0x00, 0x01,
	0x00, 0x00, 0x00, 0x00, 0x00, 0x00, 0x00, 0x07, 0x00, 0x00, 0x02, 0xf8, 0x00, 0x00, 0x00, 0x03,
	0x00, 0x00, 0x00, 0x00, 0x04, 0x00, 0x00, 0x00, 0x00, 0x00, 0x20, 0xa0, 0x0e, 0x00, 0x00, 0x00,
	0x00, 0x10, 0x80, 0x80, 0x18, 0x00, 0x00, 0x00, 0x00, 0x00, 0x18, 0xa1, 0x00, 0x00, 0x01, 0xc0,
	0x43, 0x04, 0x20, 0x94, 0x00, 0x04, 0xa0, 0x02, 0x10, 0x00, 0x40, 0x00, 0x00, 0x00, 0x20, 0x02,
	0x10, 0x00, 0x40, 0x20, 0x00, 0x00, 0x00, 0x00, 0x90, 0x0c, 0x20, 0x40, 0x00, 0x00, 0x20, 0x00,
	0x00, 0x00, 0x00, 0x60, 0x00, 0x04, 0x00, 0x80, 0x90, 0x0c, 0xa0, 0x20, 0xfe, 0x0c, 0x00, 0x00,
	0x90, 0x0c, 0xa0, 0x00, 0xfe, 0x00, 0x00, 0x00, 0x90, 0x0c, 0x20, 0x20, 0xfe, 0x00, 0x00, 0x00,
	0x90, 0x0c, 0xa0, 0x40, 0xfe, 0x0c, 0x00, 0x80, 0x90, 0x0c, 0xa0, 0x60, 0x00, 0x00, 0x00, 0x00,
	0x00, 0x00, 0x00, 0x00, 0x10, 0x00, 0x00, 0x00, 0x04, 0x10, 0x1d, 0xf0, 0x00, 0x00, 0x80, 0xfc,
	0x00, 0x00, 0x00, 0x00, 0x10, 0x00, 0x02, 0x00, 0x03, 0x10, 0x1d, 0xf0, 0x00, 0x00, 0x10, 0xfc,
	0x00, 0x00, 0x00, 0x00, 0x10, 0x00, 0x01, 0x00, 0x02, 0x10, 0x1d, 0xf0, 0x00, 0x00, 0xa0, 0xfc,
	0x00, 0x00, 0x00, 0x00, 0x10, 0x00, 0x05, 0x00, 0x01, 0x10, 0x1d, 0xf0, 0x00, 0x00, 0x00, 0xfd,
	0x00, 0x00, 0x00, 0x00, 0x10, 0x00, 0x05, 0x00, 0x00, 0x10, 0x1d, 0xf0, 0x00, 0x00, 0xb0, 0xfc,
	0x00, 0x00, 0x00, 0x00, 0x04, 0x44, 0x80, 0x02, 0x10, 0x00, 0xa4, 0x0f, 0x04, 0x28, 0x00, 0x03,
	0x10, 0x00, 0xc4, 0x2f, 0x04, 0x68, 0x00, 0x03, 0x10, 0x00, 0x20, 0x40, 0x04, 0x64, 0x80, 0x02,
	0x10, 0x00, 0x00, 0x60, 0x04, 0x00, 0x00, 0x80, 0x10, 0x00, 0x80, 0x0f, 0x04, 0x24, 0x80, 0x02,
	0x10, 0x00, 0xc4, 0x0f, 0xfd, 0xc0, 0x9f, 0x01, 0x10, 0x01, 0xe0, 0x2f, 0x04, 0x04, 0x80, 0x02,
	0x10, 0x00, 0xa0, 0x4f, 0x04, 0x48, 0x00, 0x03, 0x10, 0x00, 0xe0, 0x6f, 0xfd, 0xc0, 0x1f, 0x80,
	0x10, 0x01, 0xe0, 0x4f, 0x00, 0x00, 0x80, 0x40, 0x00, 0x00, 0x00, 0x00, 0xfd, 0xc0, 0x1f, 0x00,
	0x10, 0x01, 0x80, 0x0f, 0xfc, 0x80, 0x0f, 0x00, 0xfd, 0x84, 0xa2, 0x2f, 0xfd, 0xc0, 0x1f, 0x01,
	0x10, 0x01, 0x80, 0x4f, 0x04, 0x08, 0x00, 0x03, 0x10, 0x00, 0xc0, 0x6f, 0xfd, 0x88, 0x0f, 0x80,
	0xfd, 0x8c, 0x66, 0x0f, 0x00, 0x00, 0x80, 0x40, 0x00, 0x00, 0x00, 0x40, 0x00, 0x00, 0x00, 0xbf,
	0x00, 0x00, 0x40, 0x40, 0x04, 0x00, 0x00, 0x02, 0x10, 0x00, 0x80, 0x2f, 0xff, 0xc0, 0x9f, 0x81,
	0x10, 0x01, 0xa0, 0x6f, 0x04, 0x40, 0x00, 0x00, 0x10, 0x00, 0x04, 0x00, 0x7d, 0xc4, 0x9f, 0x00,
	0x00, 0x01, 0x00, 0x20, 0x04, 0x20, 0x00, 0x02, 0x10, 0x00, 0xc0, 0x4f, 0x04, 0x20, 0x00, 0x80,
	0x10, 0x00, 0x80, 0x6f, 0xfe, 0x84, 0x8f, 0x00, 0x80, 0x28, 0x00, 0x00, 0x7c, 0xa8, 0x0f, 0x01,
	0x80, 0x28, 0x00, 0x20, 0x7d, 0xcc, 0x8f, 0x01, 0x80, 0x28, 0x00, 0x40, 0xf8, 0x00, 0x1f, 0x00,
	0x80, 0x28, 0x00, 0x60, 0xfc, 0xc0, 0x1f, 0x80, 0xfd, 0x80, 0x26, 0x60, 0x00, 0x00, 0x00, 0x40,
	0x00, 0x00, 0x00, 0x00, 0xfd, 0x00, 0x00, 0x00, 0xfd, 0x84, 0x66, 0x0f, 0x04, 0x40, 0x00, 0x02,
	0x10, 0x00, 0x00, 0x20, 0xfd, 0x80, 0x8f, 0x01, 0xfd, 0x84, 0x02, 0x40, 0xfc, 0x80, 0x8f, 0x01,
	0xfd, 0x88, 0x62, 0x6f, 0xfe, 0x00, 0x00, 0x80, 0x00, 0x35, 0x00, 0x00, 0x00, 0x00, 0x00, 0xbf,
	0x00, 0x00, 0x40, 0x40, 0x00, 0x00, 0x00, 0x40, 0x00, 0x00, 0x00, 0x00, 0x01, 0xcc, 0x9f, 0x00,
	0x00, 0x01, 0x00, 0x20, 0xff, 0xa0, 0x1f, 0x00, 0x10, 0x01, 0x40, 0x40, 0xfe, 0xe0, 0x8f, 0x01,
	0x00, 0x01, 0x00, 0x60, 0xfe, 0xcc, 0x0f, 0x81, 0x10, 0x01, 0x80, 0x6f, 0xab, 0xaa, 0xaa, 0x3e,
	0x00, 0x00, 0x00, 0x00, 0xfe, 0x04, 0x80, 0x00, 0x80, 0x28, 0x04, 0x00, 0x7f, 0xa8, 0x0f, 0x00,
	0x80, 0x28, 0x00, 0x20, 0xfe, 0xec, 0x8f, 0x01, 0x80, 0x28, 0x00, 0x40, 0xf8, 0x00, 0x1f, 0x00,
	0x80, 0x28, 0x00, 0x60, 0x00, 0xc8, 0x8f, 0x80, 0x00, 0x01, 0x00, 0x20, 0x7c, 0xcc, 0x0f, 0x01,
	0x80, 0x28, 0x00, 0x00, 0x7c, 0xc0, 0x0f, 0x00, 0x80, 0x28, 0x00, 0x20, 0xff, 0xc0, 0x8f, 0x00,
	0x80, 0x28, 0x00, 0x40, 0xf8, 0x00, 0x1f, 0x00, 0x80, 0x28, 0x00, 0x60, 0xfe, 0x00, 0x00, 0x80,
	0x00, 0x35, 0x00, 0x00, 0xff, 0xa0, 0x1f, 0x00, 0x10, 0x01, 0x40, 0x00, 0x04, 0x60, 0x00, 0x00,
	0x00, 0x00, 0x00, 0x20, 0x04, 0x60, 0x00, 0x02, 0x10, 0x00, 0x80, 0x6f, 0xfe, 0x00, 0x00, 0x80,
	0x00, 0x35, 0x00, 0x40, 0xab, 0xaa, 0xaa, 0x3e, 0x00, 0x00, 0x00, 0x00, 0xfd, 0xc0, 0x9f, 0x00,
	0xfd, 0x84, 0x62, 0x0f, 0xff, 0xa0, 0x1f, 0x01, 0x10, 0x01, 0x40, 0x20, 0xfc, 0xc0, 0x9f, 0x80,
	0xfd, 0x8c, 0x62, 0x6f, 0x00, 0x00, 0x00, 0xbf, 0x00, 0x00, 0x40, 0x40, 0xab, 0xaa, 0xaa, 0x3e,
	0x00, 0x00, 0x00, 0x40, 0xfe, 0x20, 0x00, 0x01, 0x00, 0x01, 0x00, 0x00, 0xfe, 0x8c, 0x8f, 0x81,
	0x00, 0x01, 0x00, 0x40, 0xfe, 0x88, 0x8f, 0x01, 0x80, 0x28, 0x04, 0x00, 0x7f, 0x04, 0x80, 0x01,
	0x80, 0x28, 0x00, 0x20, 0xfe, 0x20, 0x00, 0x01, 0x80, 0x28, 0x00, 0x40, 0xf8, 0x00, 0x1f, 0x80,
	0x80, 0x28, 0x00, 0x60, 0xfe, 0x00, 0x00, 0x80, 0x00, 0x35, 0x00, 0x20, 0xff, 0xa0, 0x1f, 0x80,
	0x10, 0x01, 0x40, 0x60, 0xab, 0xaa, 0xaa, 0x3e, 0x00, 0x00, 0x00, 0x00, 0x42, 0x4c, 0x4b, 0x7b,
	0x00, 0x00, 0x00, 0x20, 0x00, 0x00, 0x00, 0x01, 0x00, 0x00, 0x00, 0x00, 0x00, 0x00, 0x00, 0x01,
	0x00, 0x00, 0x00, 0x00, 0x00, 0x00, 0x00, 0x04, 0x00, 0x00, 0x00, 0x00,
};

alignas(64) static const uint8_t pass1[1996] = {
	0x47, 0x66, 0x78, 0x32, 0x00, 0x00, 0x00, 0x20, 0x00, 0x00, 0x00, 0x07, 0x00, 0x00, 0x00, 0x01,
	0x00, 0x00, 0x00, 0x02, 0x00, 0x00, 0x00, 0x00, 0x00, 0x00, 0x00, 0x00, 0x00, 0x00, 0x00, 0x00,
	0x42, 0x4c, 0x4b, 0x7b, 0x00, 0x00, 0x00, 0x20, 0x00, 0x00, 0x00, 0x01, 0x00, 0x00, 0x00, 0x00,
	0x00, 0x00, 0x00, 0x03, 0x00, 0x00, 0x01, 0xa0, 0x00, 0x00, 0x00, 0x00, 0x00, 0x00, 0x00, 0x00,
	0x00, 0x00, 0x01, 0x03, 0x00, 0x00, 0x00, 0x00, 0x00, 0x00, 0x00, 0x00, 0x00, 0x00, 0x00, 0x01,
	0xff, 0xff, 0xff, 0x8a, 0xff, 0xff, 0xff, 0xff, 0xff, 0xff, 0xff, 0xff, 0xff, 0xff, 0xff, 0xff,
	0xff, 0xff, 0xff, 0xff, 0xff, 0xff, 0xff, 0xff, 0xff, 0xff, 0xff, 0xff, 0xff, 0xff, 0xff, 0xff,
	0xff, 0xff, 0xff, 0xff, 0xff, 0xff, 0xff, 0xff, 0x00, 0x00, 0x00, 0x00, 0xff, 0xff, 0xff, 0xff,
	0x00, 0x00, 0x00, 0x02, 0x00, 0x00, 0x00, 0x00, 0x00, 0x00, 0x00, 0x01, 0x00, 0x00, 0x00, 0xff,
	0x00, 0x00, 0x00, 0xff, 0x00, 0x00, 0x00, 0xff, 0x00, 0x00, 0x00, 0xff, 0x00, 0x00, 0x00, 0xff,
	0x00, 0x00, 0x00, 0xff, 0x00, 0x00, 0x00, 0xff, 0x00, 0x00, 0x00, 0xff, 0x00, 0x00, 0x00, 0xff,
	0x00, 0x00, 0x00, 0xff, 0x00, 0x00, 0x00, 0xff, 0x00, 0x00, 0x00, 0xff, 0x00, 0x00, 0x00, 0xff,
	0x00, 0x00, 0x00, 0xff, 0x00, 0x00, 0x00, 0xff, 0x00, 0x00, 0x00, 0xff, 0x00, 0x00, 0x00, 0xff,
	0x00, 0x00, 0x00, 0xff, 0x00, 0x00, 0x00, 0xff, 0x00, 0x00, 0x00, 0xff, 0x00, 0x00, 0x00, 0xff,
	0x00, 0x00, 0x00, 0xff, 0x00, 0x00, 0x00, 0xff, 0x00, 0x00, 0x00, 0xff, 0x00, 0x00, 0x00, 0xff,
	0x00, 0x00, 0x00, 0xff, 0x00, 0x00, 0x00, 0xff, 0x00, 0x00, 0x00, 0xff, 0x00, 0x00, 0x00, 0xff,
	0x00, 0x00, 0x00, 0xff, 0x00, 0x00, 0x00, 0x00, 0x00, 0x00, 0x00, 0x0e, 0x00, 0x00, 0x00, 0x10,
	0x00, 0x00, 0x00, 0x18, 0x00, 0x00, 0x00, 0x00, 0x00, 0x00, 0x00, 0x00, 0x00, 0x00, 0x00, 0x00,
	0x00, 0x00, 0x00, 0x00, 0x00, 0x00, 0x00, 0x00, 0x00, 0x00, 0x00, 0x00, 0x00, 0x00, 0x00, 0x00,
	0x00, 0x00, 0x00, 0x00, 0x00, 0x00, 0x00, 0x01, 0xd0, 0x60, 0x01, 0x34, 0x00, 0x00, 0x00, 0x00,
	0x00, 0x00, 0x00, 0x00, 0x00, 0x00, 0x00, 0x02, 0xd0, 0x60, 0x01, 0x3c, 0x00, 0x00, 0x00, 0x00,
	0x00, 0x00, 0x00, 0x00, 0x00, 0x00, 0x00, 0x00, 0x00, 0x00, 0x00, 0x00, 0x00, 0x00, 0x00, 0x00,
	0x00, 0x00, 0x00, 0x00, 0x00, 0x00, 0x00, 0x00, 0x00, 0x00, 0x00, 0x00, 0x00, 0x00, 0x00, 0x00,
	0x00, 0x00, 0x00, 0x00, 0x00, 0x00, 0x00, 0x00, 0x01, 0x00, 0x0f, 0xff, 0xca, 0x70, 0x01, 0x5c,
	0x00, 0x00, 0x00, 0x09, 0x00, 0x00, 0x00, 0x00, 0x00, 0x00, 0x00, 0x00, 0xca, 0x70, 0x01, 0x64,
	0x00, 0x00, 0x00, 0x09, 0x00, 0x00, 0x00, 0x00, 0x00, 0x00, 0x00, 0x01, 0x61, 0x50, 0x6f, 0x73,
	0x00, 0x00, 0x00, 0x00, 0x61, 0x55, 0x56, 0x00, 0xd0, 0x60, 0x00, 0xf8, 0xd0, 0x60, 0x01, 0x08,
	0xca, 0x70, 0x01, 0x3c, 0xca, 0x70, 0x01, 0x4c, 0x7d, 0x42, 0x4c, 0x4b, 0x00, 0x00, 0x00, 0x28,
	0x00, 0x00, 0x00, 0x00, 0x00, 0x00, 0x01, 0x68, 0xd0, 0x60, 0x00, 0x00, 0x00, 0x00, 0x00, 0x0c,
	0xd0, 0x60, 0x01, 0x5c, 0x00, 0x00, 0x00, 0x00, 0x00, 0x00, 0x00, 0x04, 0xd0, 0x60, 0x01, 0x68,
	0x42, 0x4c, 0x4b, 0x7b, 0x00, 0x00, 0x00, 0x20, 0x00, 0x00, 0x00, 0x01, 0x00, 0x00, 0x00, 0x00,
	0x00, 0x00, 0x00, 0x05, 0x00, 0x00, 0x00, 0x18, 0x00, 0x00, 0x00, 0x01, 0x00, 0x00, 0x00, 0x00,
	0x00, 0x00, 0x00, 0x00, 0x00, 0x00, 0x80, 0x89, 0x00, 0x40, 0x01, 0xc0, 0xc8, 0x0f, 0x00, 0x94,
	0x3c, 0xa0, 0x00, 0xc0, 0x08, 0x0b, 0x20, 0x94, 0x42, 0x4c, 0x4b, 0x7b, 0x00, 0x00, 0x00, 0x20,
	0x00, 0x00, 0x00, 0x01, 0x00, 0x00, 0x00, 0x00, 0x00, 0x00, 0x00, 0x06, 0x00, 0x00, 0x01, 0x7c,
	0x00, 0x00, 0x00, 0x02, 0x00, 0x00, 0x00, 0x00, 0x00, 0x20, 0x00, 0x09, 0x00, 0x00, 0x00, 0x02,
	0x10, 0x00, 0x00, 0x01, 0x00, 0x00, 0x00, 0x00, 0x00, 0x00, 0x00, 0x01, 0x00, 0x00, 0x00, 0x8a,
	0x00, 0x00, 0x00, 0x00, 0x00, 0x00, 0x00, 0x00, 0x00, 0x00, 0x00, 0x00, 0x00, 0x00, 0x00, 0x00,
	0x00, 0x00, 0x00, 0x00, 0x00, 0x00, 0x00, 0x00, 0x00, 0x00, 0x00, 0x00, 0x00, 0x00, 0x00, 0x00,
	0x00, 0x00, 0x00, 0x00, 0x00, 0x00, 0x00, 0x00, 0x00, 0x00, 0x00, 0x00, 0x00, 0x00, 0x00, 0x00,
	0x00, 0x00, 0x00, 0x00, 0x00, 0x00, 0x00, 0x00, 0x00, 0x00, 0x00, 0x00, 0x00, 0x00, 0x00, 0x00,
	0x00, 0x00, 0x00, 0x00, 0x00, 0x00, 0x00, 0x00, 0x00, 0x00, 0x00, 0x00, 0x00, 0x00, 0x00, 0x00,
	0x00, 0x00, 0x00, 0x00, 0x00, 0x00, 0x00, 0x00, 0x00, 0x00, 0x00, 0x00, 0x00, 0x00, 0x00, 0x00,
	0x00, 0x00, 0x00, 0x00, 0x00, 0x00, 0x00, 0x00, 0x00, 0x00, 0x00, 0x00, 0x00, 0x00, 0x00, 0x00,
	0x00, 0x00, 0x00, 0x00, 0x00, 0x00, 0x00, 0x00, 0x00, 0x00, 0x00, 0x00, 0x00, 0x00, 0x00, 0x0f,
	0x00, 0x00, 0x00, 0x01, 0x00, 0x00, 0x00, 0x10, 0x00, 0x00, 0x00, 0x00, 0x00, 0x00, 0x03, 0xd8,
	0x00, 0x00, 0x00, 0x00, 0x00, 0x00, 0x00, 0x00, 0x00, 0x00, 0x00, 0x00, 0x00, 0x00, 0x00, 0x00,
	0x00, 0x00, 0x00, 0x02, 0xd0, 0x60, 0x00, 0xe8, 0x00, 0x00, 0x00, 0x00, 0x00, 0x00, 0x00, 0x00,
	0x00, 0x00, 0x00, 0x01, 0xd0, 0x60, 0x01, 0x10, 0x00, 0x00, 0x00, 0x01, 0xd0, 0x60, 0x01, 0x18,
	0x00, 0x00, 0x00, 0x00, 0x00, 0x00, 0x00, 0x00, 0x00, 0x00, 0x00, 0x00, 0x00, 0x00, 0x00, 0x00,
	0xca, 0x70, 0x01, 0x24, 0x00, 0x00, 0x00, 0x0b, 0x00, 0x00, 0x00, 0x01, 0x00, 0x00, 0x00, 0x04,
	0xff, 0xff, 0xff, 0xff, 0xca, 0x70, 0x01, 0x2c, 0x00, 0x00, 0x00, 0x0b, 0x00, 0x00, 0x00, 0x01,
	0x00, 0x00, 0x00, 0x00, 0xff, 0xff, 0xff, 0xff, 0x00, 0x00, 0x00, 0x00, 0x01, 0x00, 0x0f, 0xff,
	0xca, 0x70, 0x01, 0x34, 0x00, 0x00, 0x00, 0x01, 0x00, 0x00, 0x00, 0x00, 0x75, 0x50, 0x61, 0x72,
	0x61, 0x6d, 0x73, 0x00, 0x75, 0x53, 0x69, 0x7a, 0x65, 0x00, 0x00, 0x00, 0x75, 0x54, 0x65, 0x78,
	0x30, 0x00, 0x00, 0x00, 0xd0, 0x60, 0x00, 0xbc, 0xd0, 0x60, 0x00, 0xcc, 0xd0, 0x60, 0x00, 0xd4,
	0xca, 0x70, 0x00, 0xe8, 0xca, 0x70, 0x00, 0xfc, 0xca, 0x70, 0x01, 0x18, 0x7d, 0x42, 0x4c, 0x4b,
	0x00, 0x00, 0x00, 0x28, 0x00, 0x00, 0x00, 0x00, 0x00, 0x00, 0x01, 0x3c, 0xd0, 0x60, 0x00, 0x00,
	0x00, 0x00, 0x00, 0x18, 0xd0, 0x60, 0x01, 0x24, 0x00, 0x00, 0x00, 0x00, 0x00, 0x00, 0x00, 0x06,
	0xd0, 0x60, 0x01, 0x3c, 0x42, 0x4c, 0x4b, 0x7b, 0x00, 0x00, 0x00, 0x20, 0x00, 0x00, 0x00, 0x01,
	0x00, 0x00, 0x00, 0x00, 0x00, 0x00, 0x00, 0x07, 0x00, 0x00, 0x03, 0xd8, 0x00, 0x00, 0x00, 0x03,
	0x00, 0x00, 0x00, 0x00, 0x04, 0x00, 0x00, 0x00, 0x00, 0x00, 0x3c, 0xa0, 0x14, 0x00, 0x00, 0x00,
	0x00, 0x1c, 0x80, 0x80, 0x24, 0x00, 0x00, 0x00, 0x00, 0x00, 0x58, 0xa1, 0x00, 0x80, 0x01, 0xc0,
	0x81, 0x06, 0x20, 0x94, 0x00, 0x04, 0xa0, 0x02, 0x10, 0x00, 0x60, 0x00, 0x00, 0x00, 0x20, 0x02,
	0x10, 0x00, 0x60, 0x20, 0x00, 0x00, 0x20, 0x00, 0x10, 0x00, 0x20, 0x40, 0x00, 0x04, 0xa0, 0x00,
	0x10, 0x00, 0x20, 0x60, 0x01, 0x01, 0x00, 0x80, 0x10, 0x33, 0xe0, 0x60, 0x00, 0x00, 0x00, 0x00,
	0x90, 0x0c, 0x40, 0x00, 0x00, 0x04, 0x00, 0x00, 0x90, 0x0c, 0x20, 0x20, 0x00, 0x04, 0x00, 0x00,
	0x90, 0x0c, 0x00, 0x40, 0x00, 0x00, 0x00, 0x00, 0x90, 0x0c, 0xc0, 0x60, 0x01, 0x85, 0x1f, 0x80,
	0x90, 0x06, 0x00, 0x21, 0x03, 0x04, 0x00, 0x00, 0x90, 0x0c, 0x20, 0x00, 0x03, 0x00, 0x00, 0x00,
	0x90, 0x0c, 0x40, 0x20, 0x03, 0x04, 0x00, 0x00, 0x90, 0x0c, 0xe0, 0x40, 0x01, 0x08, 0x00, 0x00,
	0x90, 0x0c, 0x00, 0x60, 0x01, 0x0c, 0x00, 0x80, 0x90, 0x0c, 0xe0, 0x20, 0x01, 0x0c, 0x00, 0x80,
	0x90, 0x0c, 0xc0, 0x20, 0x10, 0x00, 0x00, 0x00, 0x05, 0x9e, 0x0f, 0xf0, 0x00, 0x00, 0x80, 0xfc,
	0x00, 0x00, 0x00, 0x00, 0x10, 0x00, 0x03, 0x00, 0x04, 0xfe, 0x0f, 0xf0, 0x00, 0x00, 0x10, 0xfc,
	0x00, 0x00, 0x00, 0x00, 0x10, 0x00, 0x01, 0x00, 0x04, 0x9e, 0x1f, 0xf0, 0x00, 0x00, 0xa0, 0xfd,
	0x00, 0x00, 0x00, 0x00, 0x10, 0x00, 0x02, 0x00, 0x02, 0xfe, 0x0f, 0xf0, 0x00, 0x00, 0x80, 0xfc,
	0x00, 0x00, 0x00, 0x00, 0x10, 0x00, 0x01, 0x00, 0x03, 0x1e, 0x0d, 0xf0, 0x00, 0x00, 0x80, 0xfc,
	0x00, 0x00, 0x00, 0x00, 0x10, 0x00, 0x00, 0x00, 0x02, 0x90, 0x1f, 0xf0, 0x00, 0x00, 0x30, 0xfd,
	0x00, 0x00, 0x00, 0x00, 0x10, 0x00, 0x07, 0x00, 0x01, 0x9e, 0x0f, 0xf0, 0x00, 0x00, 0xa0, 0xfc,
	0x00, 0x00, 0x00, 0x00, 0x10, 0x00, 0x06, 0x00, 0x00, 0x10, 0x0d, 0xf0, 0x00, 0x00, 0xb0, 0xfc,
	0x00, 0x00, 0x00, 0x00, 0x05, 0x64, 0x80, 0x00, 0x00, 0x03, 0x00, 0x00, 0x01, 0x41, 0x00, 0x02,
	0x10, 0x00, 0xe0, 0x2f, 0x05, 0x4c, 0x80, 0x01, 0x10, 0x03, 0x80, 0x4f, 0x01, 0x61, 0x00, 0x03,
	0x10, 0x00, 0x44, 0x60, 0x01, 0x01, 0x00, 0x83, 0x10, 0x00, 0xa0, 0x2f, 0x03, 0x8c, 0x80, 0x01,
	0x10, 0x03, 0x24, 0x00, 0x01, 0x01, 0x00, 0x02, 0x10, 0x00, 0x80, 0x2f, 0x03, 0x2c, 0x80, 0x01,
	0x10, 0x03, 0xe0, 0x4f, 0x05, 0x44, 0x80, 0x00, 0x10, 0x03, 0x84, 0x6f, 0xfe, 0xa0, 0x80, 0x80,
	0x10, 0x00, 0xa0, 0x6f, 0x00, 0x84, 0x80, 0x00, 0x10, 0x03, 0xa4, 0x0f, 0x05, 0x0c, 0x80, 0x01,
	0x10, 0x03, 0xc8, 0x2f, 0x02, 0x0c, 0x1f, 0x00, 0x90, 0x02, 0xa0, 0x4f, 0x00, 0x24, 0x80, 0x00,
	0x10, 0x03, 0xc0, 0x6f, 0xf9, 0x00, 0x00, 0x83, 0x10, 0x00, 0x20, 0x60, 0x7f, 0x04, 0x1f, 0x00,
	0x90, 0x02, 0x88, 0x0f, 0x7c, 0xa8, 0x80, 0x01, 0x10, 0x00, 0x84, 0x2f, 0x7d, 0x04, 0x1f, 0x00,
	0x90, 0x02, 0xc0, 0x4f, 0x01, 0x60, 0x80, 0x01, 0x00, 0x00, 0x00, 0x60, 0x7c, 0x04, 0x1f, 0x80,
	0x90, 0x02, 0xc0, 0x0f, 0x7c, 0xac, 0x80, 0x00, 0x00, 0x00, 0x04, 0x00, 0xfd, 0x00, 0x00, 0x01,
	0x10, 0x01, 0xa0, 0x2f, 0x7d, 0x00, 0x80, 0x00, 0x10, 0x00, 0x80, 0x4f, 0xfe, 0xac, 0x8f, 0x01,
	0x90, 0x06, 0x00, 0x60, 0xf9, 0x00, 0x00, 0x82, 0x10, 0x00, 0xe0, 0x2f, 0x00, 0x00, 0x00, 0x40,
	0x00, 0x00, 0x00, 0x00, 0x7d, 0xe8, 0x80, 0x01, 0x10, 0x01, 0x20, 0x00, 0x7f, 0x68, 0x80, 0x01,
	0x10, 0x00, 0x8c, 0x2f, 0x7c, 0xc4, 0x1f, 0x00, 0x90, 0x06, 0x28, 0x40, 0x7e, 0xa4, 0x80, 0x01,
	0x00, 0x00, 0x04, 0x60, 0x7c, 0xe0, 0x80, 0x81, 0x10, 0x01, 0xc0, 0x2f, 0xfe, 0x8c, 0x0f, 0x01,
	0x90, 0x06, 0xe0, 0x0f, 0x7e, 0x0c, 0x80, 0x00, 0x00, 0x00, 0x00, 0x20, 0x7e, 0xe8, 0x80, 0x01,
	0x10, 0x01, 0xe0, 0x4f, 0x7e, 0xe0, 0x80, 0x01, 0x10, 0x01, 0xe0, 0x6f, 0xfd, 0x00, 0x00, 0x80,
	0x10, 0x01, 0xc0, 0x0f, 0x00, 0x00, 0x00, 0x40, 0x00, 0x00, 0x00, 0x00, 0x05, 0x0c, 0x80, 0x02,
	0x10, 0x00, 0xa0, 0x0f, 0x03, 0x0c, 0x80, 0x00, 0x10, 0x01, 0x88, 0x2f, 0x7c, 0xc4, 0x9f, 0x00,
	0x90, 0x06, 0xa0, 0x4f, 0x05, 0x0c, 0x80, 0x00, 0x00, 0x00, 0x00, 0x60, 0x05, 0x0c, 0x80, 0x80,
	0x10, 0x01, 0x80, 0x6f, 0xfe, 0xac, 0x8f, 0x00, 0x90, 0x06, 0x84, 0x0f, 0xfe, 0x10, 0x00, 0x00,
	0x80, 0x0c, 0x00, 0x20, 0x03, 0x0c, 0x80, 0x02, 0x10, 0x00, 0x80, 0x4f, 0x03, 0x0c, 0x80, 0x00,
	0x00, 0x00, 0x00, 0x60, 0xf9, 0x40, 0x00, 0x82, 0x10, 0x00, 0xa0, 0x2f, 0xfe, 0xcc, 0x0f, 0x00,
	0x80, 0x06, 0x00, 0x00, 0x03, 0xac, 0x80, 0x02, 0x10, 0x00, 0x00, 0x20, 0x7f, 0xc0, 0x9f, 0x00,
	0x7d, 0x80, 0x63, 0x4f, 0xfe, 0x18, 0x00, 0x00, 0x80, 0x0c, 0x00, 0x60, 0xf9, 0x60, 0x00, 0x83,
	0x10, 0x00, 0xc0, 0x4f, 0x7d, 0xc8, 0x9f, 0x01, 0x7c, 0x88, 0x63, 0x0f, 0x01, 0xcc, 0x1f, 0x01,
	0x00, 0x00, 0x00, 0xa0, 0x08, 0x84, 0x0f, 0x00, 0x90, 0x18, 0x80, 0x4f, 0x08, 0xc4, 0x1f, 0x00,
	0x90, 0x18, 0xa0, 0x6f, 0xfe, 0x14, 0x00, 0x80, 0x80, 0x0c, 0x00, 0x00, 0x7f, 0xc4, 0x1f, 0x00,
	0x00, 0x00, 0x00, 0x80, 0x00, 0xec, 0x1f, 0x00, 0x00, 0x84, 0x63, 0x2f, 0x7f, 0xc8, 0x9f, 0x00,
	0x00, 0x01, 0x00, 0x40, 0xfd, 0x40, 0x00, 0x00, 0x10, 0x01, 0xc0, 0x6f, 0xfd, 0x60, 0x00, 0x81,
	0x10, 0x01, 0x00, 0x40, 0x00, 0x00, 0x00, 0x40, 0x00, 0x00, 0x00, 0x00, 0xfe, 0x88, 0x8f, 0x01,
	0x00, 0x01, 0x00, 0x00, 0x7f, 0xcc, 0x1f, 0x00, 0x00, 0x01, 0x00, 0x20, 0x03, 0xac, 0x80, 0x00,
	0x00, 0x00, 0x10, 0x40, 0x7e, 0xc8, 0x9f, 0x00, 0x00, 0x00, 0x00, 0xe0, 0x03, 0xac, 0x80, 0x80,
	0x10, 0x01, 0x80, 0x6f, 0xfe, 0x08, 0x00, 0x01, 0x80, 0x06, 0x00, 0x00, 0x01, 0xc0, 0x9f, 0x01,
	0x00, 0x01, 0x00, 0x20, 0x7c, 0x08, 0x1f, 0x00, 0xfe, 0x80, 0x63, 0x40, 0xfe, 0x84, 0x8f, 0x00,
	0x00, 0x01, 0x04, 0x60, 0x05, 0xac, 0x80, 0x82, 0x10, 0x00, 0x80, 0x4f, 0xfe, 0x84, 0x8f, 0x01,
	0x00, 0x01, 0x00, 0x00, 0x08, 0xc4, 0x1f, 0x00, 0x80, 0x18, 0x00, 0x20, 0xff, 0x10, 0x00, 0x00,
	0x80, 0x0c, 0x00, 0x40, 0x7d, 0x0c, 0x1f, 0x80, 0xfe, 0x8c, 0x63, 0x60, 0x01, 0xc8, 0x1f, 0x01,
	0x7c, 0x88, 0x63, 0x0f, 0xfe, 0x04, 0x1f, 0x00, 0xfe, 0x80, 0x63, 0x20, 0x05, 0xac, 0x80, 0x00,
	0x00, 0x00, 0x00, 0x40, 0x05, 0xac, 0x80, 0x80, 0x10, 0x01, 0xa0, 0x6f, 0xfe, 0xc8, 0x8f, 0x01,
	0x80, 0x06, 0x00, 0x00, 0x7d, 0xc4, 0x1f, 0x80, 0x00, 0x00, 0x00, 0xc0, 0x7e, 0xc4, 0x1f, 0x01,
	0x00, 0x01, 0x08, 0x00, 0x08, 0xc4, 0x1f, 0x80, 0x90, 0x18, 0x80, 0x6f, 0xfe, 0xa0, 0x8f, 0x81,
	0x00, 0x01, 0x00, 0x40, 0x7c, 0x0c, 0x1f, 0x80, 0xfe, 0x88, 0x63, 0x00, 0x42, 0x4c, 0x4b, 0x7b,
	0x00, 0x00, 0x00, 0x20, 0x00, 0x00, 0x00, 0x01, 0x00, 0x00, 0x00, 0x00, 0x00, 0x00, 0x00, 0x01,
	0x00, 0x00, 0x00, 0x00, 0x00, 0x00, 0x00, 0x04, 0x00, 0x00, 0x00, 0x00,
};

alignas(64) static const uint8_t pass2[3644] = {
	0x47, 0x66, 0x78, 0x32, 0x00, 0x00, 0x00, 0x20, 0x00, 0x00, 0x00, 0x07, 0x00, 0x00, 0x00, 0x01,
	0x00, 0x00, 0x00, 0x02, 0x00, 0x00, 0x00, 0x00, 0x00, 0x00, 0x00, 0x00, 0x00, 0x00, 0x00, 0x00,
	0x42, 0x4c, 0x4b, 0x7b, 0x00, 0x00, 0x00, 0x20, 0x00, 0x00, 0x00, 0x01, 0x00, 0x00, 0x00, 0x00,
	0x00, 0x00, 0x00, 0x03, 0x00, 0x00, 0x01, 0xa0, 0x00, 0x00, 0x00, 0x00, 0x00, 0x00, 0x00, 0x00,
	0x00, 0x00, 0x01, 0x03, 0x00, 0x00, 0x00, 0x00, 0x00, 0x00, 0x00, 0x00, 0x00, 0x00, 0x00, 0x01,
	0xff, 0xff, 0xff, 0x8a, 0xff, 0xff, 0xff, 0xff, 0xff, 0xff, 0xff, 0xff, 0xff, 0xff, 0xff, 0xff,
	0xff, 0xff, 0xff, 0xff, 0xff, 0xff, 0xff, 0xff, 0xff, 0xff, 0xff, 0xff, 0xff, 0xff, 0xff, 0xff,
	0xff, 0xff, 0xff, 0xff, 0xff, 0xff, 0xff, 0xff, 0x00, 0x00, 0x00, 0x00, 0xff, 0xff, 0xff, 0xff,
	0x00, 0x00, 0x00, 0x02, 0x00, 0x00, 0x00, 0x00, 0x00, 0x00, 0x00, 0x01, 0x00, 0x00, 0x00, 0xff,
	0x00, 0x00, 0x00, 0xff, 0x00, 0x00, 0x00, 0xff, 0x00, 0x00, 0x00, 0xff, 0x00, 0x00, 0x00, 0xff,
	0x00, 0x00, 0x00, 0xff, 0x00, 0x00, 0x00, 0xff, 0x00, 0x00, 0x00, 0xff, 0x00, 0x00, 0x00, 0xff,
	0x00, 0x00, 0x00, 0xff, 0x00, 0x00, 0x00, 0xff, 0x00, 0x00, 0x00, 0xff, 0x00, 0x00, 0x00, 0xff,
	0x00, 0x00, 0x00, 0xff, 0x00, 0x00, 0x00, 0xff, 0x00, 0x00, 0x00, 0xff, 0x00, 0x00, 0x00, 0xff,
	0x00, 0x00, 0x00, 0xff, 0x00, 0x00, 0x00, 0xff, 0x00, 0x00, 0x00, 0xff, 0x00, 0x00, 0x00, 0xff,
	0x00, 0x00, 0x00, 0xff, 0x00, 0x00, 0x00, 0xff, 0x00, 0x00, 0x00, 0xff, 0x00, 0x00, 0x00, 0xff,
	0x00, 0x00, 0x00, 0xff, 0x00, 0x00, 0x00, 0xff, 0x00, 0x00, 0x00, 0xff, 0x00, 0x00, 0x00, 0xff,
	0x00, 0x00, 0x00, 0xff, 0x00, 0x00, 0x00, 0x00, 0x00, 0x00, 0x00, 0x0e, 0x00, 0x00, 0x00, 0x10,
	0x00, 0x00, 0x00, 0x18, 0x00, 0x00, 0x00, 0x00, 0x00, 0x00, 0x00, 0x00, 0x00, 0x00, 0x00, 0x00,
	0x00, 0x00, 0x00, 0x00, 0x00, 0x00, 0x00, 0x00, 0x00, 0x00, 0x00, 0x00, 0x00, 0x00, 0x00, 0x00,
	0x00, 0x00, 0x00, 0x00, 0x00, 0x00, 0x00, 0x01, 0xd0, 0x60, 0x01, 0x34, 0x00, 0x00, 0x00, 0x00,
	0x00, 0x00, 0x00, 0x00, 0x00, 0x00, 0x00, 0x02, 0xd0, 0x60, 0x01, 0x3c, 0x00, 0x00, 0x00, 0x00,
	0x00, 0x00, 0x00, 0x00, 0x00, 0x00, 0x00, 0x00, 0x00, 0x00, 0x00, 0x00, 0x00, 0x00, 0x00, 0x00,
	0x00, 0x00, 0x00, 0x00, 0x00, 0x00, 0x00, 0x00, 0x00, 0x00, 0x00, 0x00, 0x00, 0x00, 0x00, 0x00,
	0x00, 0x00, 0x00, 0x00, 0x00, 0x00, 0x00, 0x00, 0x01, 0x00, 0x0f, 0xff, 0xca, 0x70, 0x01, 0x5c,
	0x00, 0x00, 0x00, 0x09, 0x00, 0x00, 0x00, 0x00, 0x00, 0x00, 0x00, 0x00, 0xca, 0x70, 0x01, 0x64,
	0x00, 0x00, 0x00, 0x09, 0x00, 0x00, 0x00, 0x00, 0x00, 0x00, 0x00, 0x01, 0x61, 0x50, 0x6f, 0x73,
	0x00, 0x00, 0x00, 0x00, 0x61, 0x55, 0x56, 0x00, 0xd0, 0x60, 0x00, 0xf8, 0xd0, 0x60, 0x01, 0x08,
	0xca, 0x70, 0x01, 0x3c, 0xca, 0x70, 0x01, 0x4c, 0x7d, 0x42, 0x4c, 0x4b, 0x00, 0x00, 0x00, 0x28,
	0x00, 0x00, 0x00, 0x00, 0x00, 0x00, 0x01, 0x68, 0xd0, 0x60, 0x00, 0x00, 0x00, 0x00, 0x00, 0x0c,
	0xd0, 0x60, 0x01, 0x5c, 0x00, 0x00, 0x00, 0x00, 0x00, 0x00, 0x00, 0x04, 0xd0, 0x60, 0x01, 0x68,
	0x42, 0x4c, 0x4b, 0x7b, 0x00, 0x00, 0x00, 0x20, 0x00, 0x00, 0x00, 0x01, 0x00, 0x00, 0x00, 0x00,
	0x00, 0x00, 0x00, 0x05, 0x00, 0x00, 0x00, 0x18, 0x00, 0x00, 0x00, 0x01, 0x00, 0x00, 0x00, 0x00,
	0x00, 0x00, 0x00, 0x00, 0x00, 0x00, 0x80, 0x89, 0x00, 0x40, 0x01, 0xc0, 0xc8, 0x0f, 0x00, 0x94,
	0x3c, 0xa0, 0x00, 0xc0, 0x08, 0x0b, 0x20, 0x94, 0x42, 0x4c, 0x4b, 0x7b, 0x00, 0x00, 0x00, 0x20,
	0x00, 0x00, 0x00, 0x01, 0x00, 0x00, 0x00, 0x00, 0x00, 0x00, 0x00, 0x06, 0x00, 0x00, 0x01, 0x74,
	0x00, 0x00, 0x00, 0x02, 0x00, 0x00, 0x00, 0x00, 0x00, 0x20, 0x00, 0x0f, 0x00, 0x00, 0x00, 0x02,
	0x10, 0x00, 0x00, 0x01, 0x00, 0x00, 0x00, 0x00, 0x00, 0x00, 0x00, 0x01, 0x00, 0x00, 0x00, 0x8a,
	0x00, 0x00, 0x00, 0x00, 0x00, 0x00, 0x00, 0x00, 0x00, 0x00, 0x00, 0x00, 0x00, 0x00, 0x00, 0x00,
	0x00, 0x00, 0x00, 0x00, 0x00, 0x00, 0x00, 0x00, 0x00, 0x00, 0x00, 0x00, 0x00, 0x00, 0x00, 0x00,
	0x00, 0x00, 0x00, 0x00, 0x00, 0x00, 0x00, 0x00, 0x00, 0x00, 0x00, 0x00, 0x00, 0x00, 0x00, 0x00,
	0x00, 0x00, 0x00, 0x00, 0x00, 0x00, 0x00, 0x00, 0x00, 0x00, 0x00, 0x00, 0x00, 0x00, 0x00, 0x00,
	0x00, 0x00, 0x00, 0x00, 0x00, 0x00, 0x00, 0x00, 0x00, 0x00, 0x00, 0x00, 0x00, 0x00, 0x00, 0x00,
	0x00, 0x00, 0x00, 0x00, 0x00, 0x00, 0x00, 0x00, 0x00, 0x00, 0x00, 0x00, 0x00, 0x00, 0x00, 0x00,
	0x00, 0x00, 0x00, 0x00, 0x00, 0x00, 0x00, 0x00, 0x00, 0x00, 0x00, 0x00, 0x00, 0x00, 0x00, 0x00,
	0x00, 0x00, 0x00, 0x00, 0x00, 0x00, 0x00, 0x00, 0x00, 0x00, 0x00, 0x00, 0x00, 0x00, 0x00, 0x0f,
	0x00, 0x00, 0x00, 0x01, 0x00, 0x00, 0x00, 0x10, 0x00, 0x00, 0x00, 0x00, 0x00, 0x00, 0x0a, 0x50,
	0x00, 0x00, 0x00, 0x00, 0x00, 0x00, 0x00, 0x00, 0x00, 0x00, 0x00, 0x00, 0x00, 0x00, 0x00, 0x00,
	0x00, 0x00, 0x00, 0x01, 0xd0, 0x60, 0x00, 0xe8, 0x00, 0x00, 0x00, 0x00, 0x00, 0x00, 0x00, 0x00,
	0x00, 0x00, 0x00, 0x01, 0xd0, 0x60, 0x00, 0xfc, 0x00, 0x00, 0x00, 0x02, 0xd0, 0x60, 0x01, 0x04,
	0x00, 0x00, 0x00, 0x00, 0x00, 0x00, 0x00, 0x00, 0x00, 0x00, 0x00, 0x00, 0x00, 0x00, 0x00, 0x00,
	0xca, 0x70, 0x01, 0x1c, 0x00, 0x00, 0x00, 0x0b, 0x00, 0x00, 0x00, 0x01, 0x00, 0x00, 0x00, 0x00,
	0xff, 0xff, 0xff, 0xff, 0x00, 0x00, 0x00, 0x00, 0x01, 0x00, 0x0f, 0xff, 0xca, 0x70, 0x01, 0x24,
	0x00, 0x00, 0x00, 0x01, 0x00, 0x00, 0x00, 0x00, 0xca, 0x70, 0x01, 0x2c, 0x00, 0x00, 0x00, 0x01,
	0x00, 0x00, 0x00, 0x01, 0x75, 0x53, 0x69, 0x7a, 0x65, 0x00, 0x00, 0x00, 0x75, 0x54, 0x65, 0x78,
	0x30, 0x00, 0x00, 0x00, 0x75, 0x54, 0x65, 0x78, 0x31, 0x00, 0x00, 0x00, 0xd0, 0x60, 0x00, 0xbc,
	0xd0, 0x60, 0x00, 0xcc, 0xd0, 0x60, 0x00, 0xd4, 0xca, 0x70, 0x00, 0xe8, 0xca, 0x70, 0x01, 0x04,
	0xca, 0x70, 0x01, 0x10, 0x7d, 0x42, 0x4c, 0x4b, 0x00, 0x00, 0x00, 0x28, 0x00, 0x00, 0x00, 0x00,
	0x00, 0x00, 0x01, 0x34, 0xd0, 0x60, 0x00, 0x00, 0x00, 0x00, 0x00, 0x18, 0xd0, 0x60, 0x01, 0x1c,
	0x00, 0x00, 0x00, 0x00, 0x00, 0x00, 0x00, 0x06, 0xd0, 0x60, 0x01, 0x34, 0x42, 0x4c, 0x4b, 0x7b,
	0x00, 0x00, 0x00, 0x20, 0x00, 0x00, 0x00, 0x01, 0x00, 0x00, 0x00, 0x00, 0x00, 0x00, 0x00, 0x07,
	0x00, 0x00, 0x0a, 0x50, 0x00, 0x00, 0x00, 0x03, 0x00, 0x00, 0x00, 0x00, 0x08, 0x00, 0x00, 0x00,
	0x00, 0x00, 0x38, 0xa0, 0x18, 0x00, 0x00, 0x00, 0x00, 0x1c, 0x80, 0x80, 0x28, 0x00, 0x00, 0x00,
	0x00, 0x08, 0x80, 0x80, 0x2e, 0x00, 0x00, 0x00, 0x00, 0x00, 0x74, 0xa1, 0x8c, 0x00, 0x00, 0x00,
	0x00, 0x14, 0x80, 0x80, 0x98, 0x00, 0x00, 0x00, 0x00, 0x00, 0xe0, 0xa1, 0x11, 0x01, 0x00, 0x00,
	0x00, 0x00, 0xe0, 0xa0, 0x00, 0x80, 0x00, 0xc0, 0x88, 0x06, 0x20, 0x94, 0x00, 0x04, 0xa0, 0x02,
	0x10, 0x00, 0x20, 0x00, 0x00, 0x00, 0x20, 0x02, 0x10, 0x00, 0x20, 0x20, 0x00, 0x00, 0x20, 0x00,
	0x10, 0x00, 0x20, 0x40, 0x00, 0x00, 0x00, 0x00, 0x90, 0x0c, 0x20, 0x60, 0x00, 0x04, 0x00, 0x80,
	0x90, 0x0c, 0x60, 0x20, 0x00, 0x00, 0x00, 0x00, 0x90, 0x0c, 0x80, 0x01, 0x00, 0x04, 0x00, 0x00,
	0x90, 0x0c, 0x60, 0x21, 0xfe, 0x04, 0x00, 0x00, 0x90, 0x0c, 0x40, 0x40, 0x00, 0x04, 0xa0, 0x00,
	0x10, 0x00, 0x60, 0x61, 0xfe, 0x00, 0x00, 0x80, 0x90, 0x0c, 0x40, 0x20, 0x01, 0x04, 0x00, 0x00,
	0x90, 0x0c, 0x60, 0x00, 0x01, 0x00, 0x00, 0x00, 0x90, 0x0c, 0x20, 0x20, 0x01, 0x08, 0x00, 0x00,
	0x90, 0x0c, 0x60, 0x41, 0x01, 0x04, 0x00, 0x00, 0x90, 0x0c, 0x00, 0x60, 0x01, 0x08, 0x00, 0x80,
	0x90, 0x0c, 0x60, 0x01, 0x00, 0x00, 0x00, 0x00, 0x00, 0x00, 0x00, 0x00, 0x10, 0x01, 0x00, 0x00,
	0x0a, 0x10, 0x0d, 0xf0, 0x00, 0x80, 0x80, 0xfc, 0x00, 0x00, 0x00, 0x00, 0x10, 0x00, 0x00, 0x00,
	0x09, 0x10, 0x0d, 0xf0, 0x00, 0x00, 0x80, 0xfc, 0x00, 0x00, 0x00, 0x00, 0x10, 0x00, 0x01, 0x00,
	0x05, 0x70, 0x0d, 0xf0, 0x00, 0x00, 0x20, 0xfc, 0x00, 0x00, 0x00, 0x00, 0x10, 0x01, 0x02, 0x00,
	0x07, 0xfe, 0x0f, 0xf0, 0x00, 0x80, 0xa0, 0xfc, 0x00, 0x00, 0x00, 0x00, 0x10, 0x00, 0x02, 0x00,
	0x04, 0x1e, 0x0d, 0xf0, 0x00, 0x00, 0xa0, 0xfc, 0x00, 0x00, 0x00, 0x00, 0x10, 0x01, 0x01, 0x00,
	0x03, 0xfe, 0x0f, 0xf0, 0x00, 0x80, 0xb0, 0xfc, 0x00, 0x00, 0x00, 0x00, 0x10, 0x01, 0x03, 0x00,
	0x08, 0x1e, 0x0d, 0xf0, 0x00, 0x80, 0x80, 0xfc, 0x00, 0x00, 0x00, 0x00, 0x10, 0x01, 0x0b, 0x00,
	0x07, 0x90, 0x1f, 0xf0, 0x00, 0x80, 0xa0, 0xfc, 0x00, 0x00, 0x00, 0x00, 0x10, 0x00, 0x01, 0x00,
	0x02, 0x10, 0x0d, 0xf0, 0x00, 0x00, 0xb0, 0xfc, 0x00, 0x00, 0x00, 0x00, 0x10, 0x00, 0x03, 0x00,
	0x06, 0x10, 0x0d, 0xf0, 0x00, 0x00, 0x80, 0xfc, 0x00, 0x00, 0x00, 0x00, 0x10, 0x00, 0x0b, 0x00,
	0x01, 0x10, 0x0d, 0xf0, 0x00, 0x00, 0xa0, 0xfc, 0x00, 0x00, 0x00, 0x00, 0x02, 0x48, 0x00, 0x00,
	0x10, 0x00, 0x08, 0x00, 0x0b, 0x0c, 0x00, 0x00, 0x90, 0x0c, 0x00, 0x20, 0x04, 0x84, 0x80, 0x01,
	0x10, 0x00, 0xc0, 0x4f, 0x05, 0xa8, 0x00, 0x00, 0x10, 0x00, 0x80, 0x61, 0x0b, 0x0c, 0x00, 0x80,
	0x90, 0x0c, 0x80, 0x21, 0x06, 0xc4, 0x80, 0x01, 0x10, 0x00, 0x88, 0x0f, 0x0b, 0x0c, 0x00, 0x00,
	0x90, 0x0c, 0x60, 0x21, 0x02, 0x44, 0x80, 0x01, 0x00, 0x00, 0x00, 0x40, 0x06, 0xc0, 0x00, 0x01,
	0x00, 0x00, 0x00, 0x60, 0x01, 0x28, 0x00, 0x80, 0x10, 0x00, 0x80, 0x4f, 0x01, 0x2c, 0x80, 0x00,
	0x00, 0x00, 0x04, 0x00, 0xfd, 0x40, 0x00, 0x01, 0xfe, 0x98, 0x82, 0x2f, 0xfd, 0x40, 0x80, 0x01,
	0x00, 0x90, 0xa2, 0x4f, 0xfd, 0xc0, 0x80, 0x00, 0xfe, 0x9c, 0x82, 0x6f, 0xfd, 0x20, 0x01, 0x80,
	0x10, 0x01, 0x80, 0x60, 0x00, 0x00, 0x00, 0x40, 0x00, 0x00, 0x00, 0x00, 0xfe, 0xc8, 0x9f, 0x01,
	0x10, 0x00, 0xe0, 0x0f, 0xfd, 0xc0, 0x00, 0x01, 0x7c, 0x90, 0xc2, 0x21, 0xfd, 0x20, 0x00, 0x00,
	0xfe, 0x90, 0x62, 0x4f, 0xfd, 0x20, 0x80, 0x01, 0x7c, 0x98, 0xc2, 0x60, 0xfd, 0x20, 0x81, 0x80,
	0x10, 0x01, 0xa0, 0x6f, 0x00, 0x00, 0x00, 0x40, 0x00, 0x00, 0x00, 0x00, 0x7d, 0x88, 0x8f, 0x01,
	0x80, 0x02, 0x04, 0x00, 0xfd, 0x80, 0x00, 0x01, 0x00, 0x01, 0x00, 0x20, 0x7c, 0xc4, 0x1f, 0x01,
	0x10, 0x00, 0x60, 0x40, 0xfe, 0x88, 0x8f, 0x00, 0x90, 0x02, 0x80, 0x6f, 0xfd, 0xa0, 0x80, 0x81,
	0x10, 0x01, 0x80, 0x4f, 0x00, 0x00, 0x00, 0x40, 0x00, 0x00, 0x00, 0x00, 0xff, 0x80, 0x81, 0x03,
	0x10, 0x00, 0xc0, 0x0f, 0xfe, 0xc4, 0x0f, 0x01, 0x90, 0x06, 0xc0, 0x2f, 0xfe, 0xc4, 0x0f, 0x03,
	0x10, 0x00, 0xa0, 0x4f, 0xf8, 0xc0, 0x1f, 0x00, 0x10, 0x07, 0x60, 0x61, 0xfe, 0x00, 0x1f, 0x80,
	0x90, 0x06, 0xe0, 0x4f, 0xf8, 0x80, 0x8f, 0x01, 0x10, 0x07, 0x44, 0x00, 0x7c, 0x0c, 0x1f, 0x00,
	0x90, 0x06, 0xe0, 0x2f, 0x09, 0x20, 0x01, 0x01, 0x10, 0x00, 0x80, 0x4f, 0x7c, 0x88, 0x81, 0x01,
	0x90, 0x06, 0x80, 0x61, 0xfd, 0x20, 0x01, 0x81, 0x10, 0x01, 0x80, 0x0f, 0x00, 0x00, 0x00, 0x40,
	0x00, 0x00, 0x00, 0x00, 0x7d, 0xcc, 0x1f, 0x01, 0x90, 0x06, 0x00, 0x00, 0xfd, 0x20, 0x81, 0x01,
	0x10, 0x01, 0x80, 0x2f, 0x09, 0x2c, 0x81, 0x00, 0x10, 0x00, 0x08, 0x40, 0x7d, 0xcc, 0x1f, 0x83,
	0x10, 0x00, 0x80, 0x6f, 0x00, 0x00, 0x00, 0x40, 0x00, 0x00, 0x00, 0x00, 0x04, 0xcc, 0x1f, 0x01,
	0x90, 0x06, 0xa0, 0x0f, 0x7c, 0xc0, 0x1f, 0x03, 0x10, 0x00, 0xa0, 0x21, 0xfe, 0x84, 0x0f, 0x03,
	0x10, 0x00, 0x20, 0x40, 0x04, 0xcc, 0x1f, 0x03, 0x10, 0x00, 0x80, 0x60, 0x7e, 0xc0, 0x9f, 0x81,
	0x10, 0x00, 0xa0, 0x2f, 0x7c, 0x00, 0x00, 0x01, 0x90, 0x06, 0xa4, 0x00, 0x7e, 0x80, 0x8f, 0x01,
	0x80, 0x02, 0x10, 0x20, 0x7c, 0x84, 0x0f, 0x01, 0x90, 0x06, 0xe0, 0x40, 0x7d, 0xc8, 0x9f, 0x01,
	0x10, 0x00, 0x80, 0x6f, 0xf8, 0x20, 0x01, 0x80, 0x10, 0x07, 0xa0, 0x6f, 0x04, 0x28, 0x01, 0x00,
	0x00, 0x00, 0x04, 0x00, 0x04, 0xac, 0x0f, 0x01, 0x80, 0x02, 0x08, 0x20, 0xf8, 0xc0, 0x9f, 0x00,
	0x10, 0x07, 0xa0, 0x4f, 0x02, 0xcc, 0x80, 0x00, 0x00, 0x00, 0x00, 0x60, 0xfe, 0xec, 0x0f, 0x80,
	0x80, 0x06, 0x00, 0x40, 0xfe, 0xc0, 0x9f, 0x01, 0x90, 0x04, 0x80, 0x0f, 0x0b, 0xec, 0x1f, 0x00,
	0x80, 0x18, 0x00, 0x20, 0xf8, 0xc0, 0x9f, 0x00, 0x00, 0x07, 0x00, 0x40, 0x7f, 0x80, 0x8f, 0x01,
	0x80, 0x06, 0x00, 0x60, 0xf8, 0x20, 0x81, 0x80, 0x10, 0x07, 0xc0, 0x4f, 0xfe, 0xc8, 0x9f, 0x01,
	0x80, 0x18, 0x00, 0x00, 0x7e, 0xc4, 0x9f, 0x00, 0x00, 0x18, 0x00, 0x20, 0x02, 0x28, 0x00, 0x00,
	0x10, 0x00, 0x80, 0x4f, 0x7d, 0xc0, 0x9f, 0x00, 0x00, 0x18, 0x00, 0x60, 0x03, 0xa8, 0x8f, 0x80,
	0x80, 0x06, 0x00, 0x60, 0xfe, 0xe0, 0x0f, 0x01, 0x00, 0x18, 0x00, 0x00, 0xfe, 0x24, 0x1f, 0x00,
	0x00, 0x18, 0x00, 0x20, 0x7d, 0xe8, 0x1f, 0x00, 0x80, 0x18, 0x00, 0x40, 0x05, 0x2c, 0x81, 0x00,
	0x00, 0x00, 0x00, 0x60, 0xfe, 0x2c, 0x1f, 0x80, 0x10, 0x18, 0x00, 0x40, 0x7d, 0xcc, 0x1f, 0x00,
	0x80, 0x18, 0x00, 0x00, 0xfe, 0xe8, 0x8f, 0x00, 0x00, 0x18, 0x00, 0x20, 0xfe, 0x84, 0x0f, 0x00,
	0x10, 0x00, 0x80, 0x4f, 0xfe, 0x8c, 0x0f, 0x01, 0x90, 0x04, 0x84, 0x6f, 0xf8, 0x20, 0x01, 0x81,
	0x10, 0x07, 0xc0, 0x20, 0x7d, 0x64, 0x00, 0x01, 0x80, 0x06, 0x00, 0x00, 0xfe, 0x00, 0x00, 0x00,
	0x80, 0x19, 0x00, 0x20, 0x7e, 0xc8, 0x9f, 0x80, 0x80, 0x18, 0x00, 0x60, 0xfe, 0x0c, 0x00, 0x00,
	0x80, 0x19, 0x00, 0x00, 0xf8, 0x20, 0x81, 0x01, 0x10, 0x07, 0x20, 0x21, 0xfe, 0x24, 0x1f, 0x00,
	0x00, 0x18, 0x00, 0x40, 0x02, 0xc0, 0x1f, 0x80, 0x80, 0x18, 0x00, 0x60, 0x0c, 0xcc, 0x9f, 0x01,
	0x00, 0x18, 0x00, 0x00, 0xfe, 0x20, 0x1f, 0x00, 0x10, 0x18, 0x80, 0x2f, 0x00, 0xc0, 0x9f, 0x01,
	0x00, 0x18, 0x00, 0x40, 0xfe, 0x88, 0x0f, 0x81, 0x00, 0x88, 0x82, 0xe1, 0xfe, 0x20, 0x1f, 0x00,
	0x00, 0x18, 0x00, 0x20, 0xfe, 0x28, 0x1f, 0x80, 0x10, 0x18, 0x60, 0x61, 0xfe, 0x84, 0x8f, 0x81,
	0x00, 0x00, 0x00, 0x20, 0x7c, 0xc4, 0x9f, 0x80, 0x0b, 0x8c, 0x62, 0xc1, 0x10, 0x01, 0x00, 0x00,
	0x05, 0x1e, 0x0d, 0xf0, 0x00, 0x80, 0xb0, 0xfc, 0x00, 0x00, 0x00, 0x00, 0x10, 0x01, 0x0c, 0x00,
	0x04, 0x10, 0x0d, 0xf0, 0x00, 0x80, 0x80, 0xfc, 0x00, 0x00, 0x00, 0x00, 0x10, 0x00, 0x00, 0x00,
	0x03, 0x10, 0x1d, 0xf0, 0x00, 0x00, 0xb0, 0xfc, 0x00, 0x00, 0x00, 0x00, 0x10, 0x00, 0x0c, 0x00,
	0x02, 0x10, 0x0d, 0xf0, 0x00, 0x00, 0x80, 0xfc, 0x00, 0x00, 0x00, 0x00, 0x10, 0x01, 0x0b, 0x00,
	0x01, 0x90, 0x1f, 0xf0, 0x00, 0x80, 0x80, 0xfc, 0x00, 0x00, 0x00, 0x00, 0x10, 0x00, 0x0b, 0x00,
	0x00, 0x90, 0x0f, 0xf0, 0x00, 0x00, 0x80, 0xfc, 0x00, 0x00, 0x00, 0x00, 0x00, 0x0c, 0x80, 0x00,
	0x10, 0x00, 0x68, 0x00, 0x09, 0x6c, 0x80, 0x00, 0x10, 0x00, 0x80, 0x2f, 0x02, 0x40, 0x00, 0x01,
	0x00, 0x00, 0x10, 0x40, 0x03, 0x60, 0x00, 0x01, 0x10, 0x00, 0x00, 0x60, 0xfd, 0x00, 0x00, 0x80,
	0x10, 0x01, 0x00, 0x20, 0x00, 0x00, 0x00, 0x40, 0x00, 0x00, 0x00, 0x00, 0x02, 0x4c, 0x80, 0x00,
	0x00, 0x00, 0x08, 0x00, 0x01, 0x4c, 0x80, 0x00, 0x00, 0x00, 0x00, 0x20, 0x09, 0x08, 0x00, 0x00,
	0x00, 0x00, 0x08, 0x40, 0x06, 0x48, 0x00, 0x00, 0x00, 0x00, 0x00, 0x60, 0xfd, 0x40, 0x80, 0x80,
	0xfe, 0x98, 0x66, 0x4f, 0x00, 0x00, 0x00, 0x40, 0x00, 0x00, 0x00, 0x00, 0xfd, 0x40, 0x00, 0x00,
	0xfe, 0x90, 0x62, 0x0f, 0x06, 0xec, 0x1f, 0x00, 0x10, 0x00, 0xc0, 0x2f, 0x7c, 0xc4, 0x9f, 0x01,
	0x90, 0x04, 0x60, 0x40, 0xfe, 0xc8, 0x9f, 0x00, 0x90, 0x04, 0xc0, 0x60, 0x06, 0xec, 0x1f, 0x80,
	0x80, 0x02, 0x00, 0x40, 0x00, 0x00, 0x00, 0x40, 0x00, 0x00, 0x00, 0x00, 0xff, 0x00, 0x1f, 0x00,
	0x90, 0x06, 0x00, 0x00, 0x0e, 0xc4, 0x1f, 0x00, 0x10, 0x00, 0x40, 0x20, 0xfe, 0xc0, 0x81, 0x00,
	0x80, 0x02, 0x04, 0x40, 0xf8, 0xe0, 0x1f, 0x00, 0x10, 0x07, 0x20, 0x60, 0x03, 0xec, 0x80, 0x80,
	0x10, 0x03, 0xa0, 0x2f, 0x0a, 0x8c, 0x80, 0x00, 0x00, 0x03, 0x08, 0x00, 0x04, 0x2c, 0x80, 0x00,
	0x00, 0x03, 0x00, 0x20, 0xf8, 0xc0, 0x1f, 0x01, 0x10, 0x07, 0x40, 0x40, 0xfe, 0x08, 0x1f, 0x80,
	0x90, 0x06, 0x40, 0x60, 0xfe, 0xc0, 0x9f, 0x00, 0x80, 0x02, 0x00, 0x00, 0x0a, 0x2c, 0x80, 0x00,
	0x00, 0x03, 0x08, 0x40, 0x04, 0x8c, 0x80, 0x80, 0x00, 0x03, 0x00, 0x60, 0xfe, 0xc8, 0x9f, 0x01,
	0x80, 0x02, 0x00, 0x00, 0x04, 0xc8, 0x1f, 0x00, 0x10, 0x07, 0x80, 0x2f, 0x08, 0x8c, 0x80, 0x00,
	0x10, 0x03, 0x88, 0x4f, 0x0a, 0xec, 0x80, 0x80, 0x10, 0x03, 0x80, 0x6f, 0x05, 0xac, 0x80, 0x00,
	0x00, 0x03, 0x0c, 0x00, 0x01, 0xc0, 0x1f, 0x00, 0x00, 0x07, 0x00, 0x20, 0xfd, 0x60, 0x80, 0x00,
	0x10, 0x01, 0xa4, 0x4f, 0x03, 0x4c, 0x81, 0x00, 0x00, 0x03, 0x00, 0x60, 0x0a, 0x4c, 0x81, 0x80,
	0x00, 0x03, 0x00, 0x60, 0x00, 0x00, 0x00, 0x40, 0x00, 0x00, 0x00, 0x00, 0x7c, 0xcc, 0x9f, 0x01,
	0x80, 0x02, 0x00, 0x00, 0x7c, 0xc4, 0x9f, 0x00, 0x00, 0x18, 0x00, 0x20, 0xff, 0xa0, 0x8f, 0x00,
	0x80, 0x02, 0x00, 0x40, 0x7c, 0xc8, 0x1f, 0x80, 0x80, 0x02, 0x00, 0x60, 0x0a, 0xc8, 0x1f, 0x00,
	0x00, 0x07, 0x00, 0x00, 0x04, 0xc0, 0x9f, 0x01, 0x10, 0x07, 0xe8, 0x2f, 0xfe, 0x24, 0x1f, 0x00,
	0x10, 0x18, 0x80, 0x40, 0x07, 0xc0, 0x1f, 0x01, 0x00, 0x07, 0x00, 0x60, 0x0a, 0x6c, 0x80, 0x81,
	0x10, 0x03, 0xc0, 0x6f, 0xfe, 0xcc, 0x1f, 0x00, 0x00, 0x18, 0x00, 0x00, 0x0a, 0x8c, 0x80, 0x01,
	0x10, 0x03, 0x80, 0x2f, 0x0a, 0x04, 0x81, 0x00, 0x10, 0x03, 0xc4, 0x40, 0x0a, 0xe4, 0x80, 0x80,
	0x10, 0x03, 0xa0, 0x6f, 0xfe, 0x48, 0x81, 0x00, 0x10, 0x00, 0x20, 0x00, 0xfe, 0x20, 0x1f, 0x00,
	0x10, 0x18, 0x60, 0x20, 0x04, 0x24, 0x80, 0x00, 0x00, 0x03, 0x04, 0x40, 0xfe, 0x4c, 0x81, 0x00,
	0x10, 0x00, 0x60, 0x60, 0x7e, 0xcc, 0x9f, 0x81, 0x10, 0x07, 0x80, 0x6f, 0x7c, 0xc4, 0x1f, 0x01,
	0x00, 0x07, 0x00, 0x00, 0xfe, 0x88, 0x8f, 0x00, 0x10, 0x07, 0x84, 0x2f, 0xfe, 0x88, 0x80, 0x00,
	0x10, 0x00, 0x80, 0x4f, 0x7d, 0xcc, 0x8f, 0x01, 0x10, 0x07, 0xa4, 0x6f, 0x7c, 0x44, 0x81, 0x81,
	0x10, 0x00, 0xe0, 0x6f, 0xfe, 0xa0, 0x1f, 0x00, 0xf8, 0x80, 0x83, 0x00, 0x7e, 0x4c, 0x81, 0x01,
	0x10, 0x00, 0xa8, 0x2f, 0x04, 0xa4, 0x80, 0x00, 0x10, 0x03, 0x20, 0x41, 0x7c, 0xac, 0x1f, 0x00,
	0xf8, 0x80, 0x83, 0x60, 0x00, 0x64, 0x00, 0x82, 0x00, 0x00, 0x00, 0x60, 0x00, 0x00, 0x00, 0x40,
	0x00, 0x00, 0x00, 0x00, 0xfe, 0x88, 0x80, 0x00, 0x10, 0x00, 0x44, 0x00, 0xff, 0xa0, 0x81, 0x00,
	0x80, 0x02, 0x00, 0x20, 0x7d, 0x08, 0x80, 0x03, 0x00, 0x00, 0x00, 0x40, 0x0d, 0xe4, 0x1f, 0x00,
	0x00, 0x00, 0x00, 0x60, 0x7d, 0x08, 0x80, 0x81, 0x90, 0x06, 0xa0, 0x4f, 0xfe, 0xcc, 0x8f, 0x00,
	0x80, 0x06, 0x00, 0x00, 0x7e, 0xc4, 0x9f, 0x01, 0x80, 0x06, 0x00, 0x20, 0xf8, 0xc0, 0x9f, 0x00,
	0x00, 0x07, 0x00, 0x40, 0x01, 0xc8, 0x1f, 0x01, 0x10, 0x00, 0xc0, 0x6f, 0x01, 0xc8, 0x1f, 0x81,
	0x80, 0x02, 0x00, 0x60, 0xf8, 0xe0, 0x1f, 0x00, 0x10, 0x07, 0x80, 0x0f, 0x7d, 0xac, 0x1f, 0x00,
	0xf8, 0x80, 0xeb, 0x20, 0xfe, 0xc8, 0x9f, 0x00, 0x80, 0x18, 0x00, 0x40, 0x01, 0xcc, 0x1f, 0x00,
	0x90, 0x18, 0x80, 0x6f, 0x7c, 0xa4, 0x1f, 0x80, 0xf8, 0x80, 0x63, 0x21, 0x00, 0x00, 0x80, 0x40,
	0x00, 0x00, 0x00, 0x00, 0xfe, 0x08, 0x00, 0x00, 0x00, 0x18, 0x04, 0x00, 0x7d, 0x64, 0x80, 0x01,
	0x90, 0x04, 0x80, 0x21, 0x7f, 0x8c, 0x0f, 0x01, 0x90, 0x04, 0x40, 0x41, 0x05, 0xc0, 0x9f, 0x01,
	0x00, 0x18, 0x00, 0x60, 0x00, 0x64, 0x00, 0x80, 0x80, 0x06, 0x00, 0x60, 0xfe, 0x2c, 0x1f, 0x00,
	0x10, 0x18, 0x00, 0x20, 0x06, 0xc4, 0x1f, 0x00, 0x80, 0x18, 0x00, 0x40, 0xff, 0x80, 0x8f, 0x81,
	0x00, 0x18, 0x00, 0x60, 0xfe, 0x2c, 0x1f, 0x00, 0x00, 0x18, 0x00, 0x00, 0x02, 0xc4, 0x8f, 0x01,
	0x80, 0x06, 0x00, 0x20, 0x7e, 0x4c, 0x80, 0x00, 0x80, 0x06, 0x04, 0x40, 0xfe, 0x08, 0x00, 0x00,
	0x80, 0x19, 0x00, 0x60, 0x08, 0xac, 0x80, 0x80, 0x10, 0x03, 0xa0, 0x6f, 0x7c, 0xc0, 0x9f, 0x00,
	0x80, 0x18, 0x00, 0x00, 0x02, 0xc8, 0x1f, 0x01, 0x80, 0x18, 0x00, 0x20, 0xfe, 0xc0, 0x80, 0x01,
	0x00, 0x00, 0x00, 0x40, 0xfe, 0x2c, 0x1f, 0x00, 0x00, 0x18, 0x00, 0x60, 0x05, 0x8c, 0x80, 0x80,
	0x10, 0x03, 0x80, 0x6f, 0x7d, 0xc8, 0x9f, 0x00, 0x00, 0x18, 0x08, 0x00, 0xfe, 0xcc, 0x1f, 0x01,
	0x00, 0x84, 0x22, 0xa0, 0x07, 0xc8, 0x9f, 0x00, 0x00, 0x18, 0x00, 0x40, 0xfe, 0x40, 0x80, 0x81,
	0x00, 0x18, 0x00, 0x60, 0xfe, 0x20, 0x1f, 0x00, 0x00, 0x18, 0x00, 0x00, 0x09, 0xc4, 0x9f, 0x01,
	0x80, 0x18, 0x00, 0x20, 0x7d, 0x8c, 0x8f, 0x01, 0x80, 0x02, 0x00, 0x40, 0xfe, 0x28, 0x1f, 0x80,
	0x10, 0x18, 0x00, 0x60, 0x05, 0xc8, 0x1f, 0x01, 0x00, 0x07, 0x00, 0x00, 0x0c, 0x3c, 0x80, 0x00,
	0xf9, 0x80, 0x62, 0x2f, 0xfe, 0x04, 0x00, 0x00, 0x80, 0x19, 0x00, 0x40, 0xfe, 0x60, 0x00, 0x01,
	0x10, 0x00, 0x40, 0x60, 0x08, 0xac, 0x80, 0x81, 0x10, 0x03, 0x60, 0x60, 0x7f, 0xc4, 0x1f, 0x00,
	0x10, 0x18, 0x00, 0x00, 0x0b, 0xcc, 0x9f, 0x00, 0x10, 0x00, 0x48, 0x20, 0x00, 0xcc, 0x9f, 0x00,
	0x10, 0x00, 0x20, 0x40, 0xfe, 0x28, 0x1f, 0x00, 0x10, 0x18, 0x20, 0x60, 0xff, 0x20, 0x01, 0x81,
	0x10, 0x07, 0x80, 0x20, 0x01, 0x4c, 0x80, 0x01, 0x00, 0x8c, 0x62, 0x8f, 0x00, 0x20, 0x1f, 0x00,
	0x10, 0x18, 0xc0, 0x2f, 0x04, 0xa4, 0x1f, 0x00, 0xf8, 0x80, 0x83, 0x4f, 0x0b, 0x48, 0x80, 0x80,
	0x00, 0x01, 0x00, 0xe0, 0x00, 0x00, 0x00, 0x40, 0x00, 0x00, 0x00, 0x00, 0xfe, 0x70, 0x01, 0x01,
	0xf9, 0x80, 0x66, 0x0f, 0xfe, 0x20, 0x00, 0x01, 0x10, 0x01, 0xa0, 0xaf, 0x09, 0x68, 0x80, 0x01,
	0x00, 0x07, 0x00, 0x40, 0x04, 0x6c, 0x80, 0x80, 0xfe, 0x8c, 0x62, 0x6f, 0x07, 0x64, 0x80, 0x00,
	0xfe, 0x8c, 0x6a, 0x0f, 0x00, 0xc4, 0x1f, 0x00, 0x10, 0x00, 0x80, 0x2f, 0x00, 0xc8, 0x1f, 0x00,
	0x00, 0x00, 0x00, 0x40, 0xfe, 0xa8, 0x1f, 0x80, 0xf8, 0x80, 0x83, 0x6f, 0x00, 0x00, 0x80, 0x40,
	0x00, 0x00, 0x00, 0x00, 0xfd, 0x80, 0x81, 0x00, 0xfe, 0x80, 0x6e, 0x0f, 0x7c, 0xc8, 0x8f, 0x00,
	0x7d, 0x84, 0xa2, 0x2f, 0x0c, 0xcc, 0x1f, 0x01, 0x10, 0x01, 0xd0, 0xcf, 0x03, 0x0c, 0x81, 0x81,
	0x00, 0x00, 0x00, 0x60, 0x00, 0x00, 0x00, 0x41, 0x00, 0x00, 0x00, 0x00, 0x01, 0x84, 0x8f, 0x00,
	0x00, 0x01, 0x04, 0x80, 0xfe, 0xa0, 0x1f, 0x00, 0x10, 0x01, 0x20, 0x20, 0xfe, 0x4c, 0x00, 0x00,
	0x90, 0x04, 0x80, 0x4f, 0x08, 0xec, 0x80, 0x01, 0x00, 0x03, 0x00, 0x60, 0x08, 0x0c, 0x81, 0x80,
	0x10, 0x03, 0xa0, 0x6f, 0x89, 0x88, 0x88, 0x3d, 0x00, 0x00, 0x00, 0x00, 0x04, 0x80, 0x00, 0x01,
	0xfe, 0x80, 0x6e, 0x0f, 0xfe, 0xcc, 0x00, 0x01, 0x00, 0x07, 0x00, 0x20, 0x7c, 0xcc, 0x8f, 0x00,
	0x7d, 0x84, 0x62, 0x4f, 0xfe, 0x0c, 0x81, 0x01, 0x00, 0x00, 0x00, 0x60, 0x06, 0xc8, 0x9f, 0x81,
	0x10, 0x07, 0xa0, 0x4f, 0xfe, 0xa4, 0x1f, 0x00, 0xf8, 0x80, 0xa3, 0x0f, 0x0b, 0x84, 0x00, 0x01,
	0xfe, 0x80, 0x66, 0x2f, 0xfd, 0x84, 0x0f, 0x01, 0xfe, 0x88, 0x62, 0x4f, 0xfe, 0x2c, 0x00, 0x00,
	0x90, 0x04, 0x00, 0x60, 0x07, 0x0c, 0x81, 0x80, 0x10, 0x03, 0x80, 0x6f, 0x00, 0x00, 0x00, 0x40,
	0x00, 0x00, 0x00, 0x41, 0x7d, 0xa8, 0x1f, 0x00, 0xf8, 0x80, 0x83, 0x0f, 0xfd, 0x44, 0x01, 0x01,
	0xfe, 0x84, 0x62, 0x2f, 0x07, 0x4c, 0x81, 0x00, 0x00, 0x03, 0x00, 0x40, 0xfe, 0xa8, 0x1f, 0x01,
	0x10, 0x01, 0x20, 0x60, 0x08, 0x4c, 0x81, 0x80, 0x00, 0x03, 0x00, 0x60, 0x00, 0x00, 0x80, 0x40,
	0x00, 0x00, 0x00, 0x41, 0x89, 0x88, 0x88, 0x3d, 0x00, 0x00, 0x00, 0x00, 0xff, 0x80, 0x8f, 0x01,
	0x80, 0x02, 0x00, 0x00, 0x7d, 0xcc, 0x1f, 0x01, 0x80, 0x02, 0x00, 0x20, 0xfe, 0xa4, 0x1f, 0x80,
	0x10, 0x01, 0x20, 0x40, 0x89, 0x88, 0x88, 0x3d, 0x00, 0x00, 0x00, 0x00, 0x0a, 0xc0, 0x9f, 0x00,
	0x00, 0x07, 0x00, 0x00, 0x08, 0xc8, 0x1f, 0x80, 0x00, 0x07, 0x00, 0x20, 0xfe, 0xc4, 0x1f, 0x80,
	0x00, 0x18, 0x00, 0x40, 0xfe, 0x28, 0x1f, 0x80, 0x10, 0x18, 0x80, 0x6f, 0x7d, 0xc0, 0x9f, 0x81,
	0x7e, 0x88, 0x62, 0x4f, 0x7c, 0x80, 0x8f, 0x81, 0xfe, 0x88, 0x62, 0x6f, 0xfd, 0x00, 0x80, 0x81,
	0xfe, 0x8c, 0x62, 0x6f, 0x00, 0x00, 0x00, 0x41, 0x00, 0x00, 0x00, 0x00, 0xfe, 0xac, 0x1f, 0x80,
	0x10, 0x01, 0x20, 0x00, 0x89, 0x88, 0x88, 0x3d, 0x00, 0x00, 0x00, 0x00, 0x42, 0x4c, 0x4b, 0x7b,
	0x00, 0x00, 0x00, 0x20, 0x00, 0x00, 0x00, 0x01, 0x00, 0x00, 0x00, 0x00, 0x00, 0x00, 0x00, 0x01,
	0x00, 0x00, 0x00, 0x00, 0x00, 0x00, 0x00, 0x04, 0x00, 0x00, 0x00, 0x00,
};

alignas(64) static const uint8_t pass3[9884] = {
	0x47, 0x66, 0x78, 0x32, 0x00, 0x00, 0x00, 0x20, 0x00, 0x00, 0x00, 0x07, 0x00, 0x00, 0x00, 0x01,
	0x00, 0x00, 0x00, 0x02, 0x00, 0x00, 0x00, 0x00, 0x00, 0x00, 0x00, 0x00, 0x00, 0x00, 0x00, 0x00,
	0x42, 0x4c, 0x4b, 0x7b, 0x00, 0x00, 0x00, 0x20, 0x00, 0x00, 0x00, 0x01, 0x00, 0x00, 0x00, 0x00,
	0x00, 0x00, 0x00, 0x03, 0x00, 0x00, 0x01, 0xa0, 0x00, 0x00, 0x00, 0x00, 0x00, 0x00, 0x00, 0x00,
	0x00, 0x00, 0x01, 0x03, 0x00, 0x00, 0x00, 0x00, 0x00, 0x00, 0x00, 0x00, 0x00, 0x00, 0x00, 0x01,
	0xff, 0xff, 0xff, 0x8a, 0xff, 0xff, 0xff, 0xff, 0xff, 0xff, 0xff, 0xff, 0xff, 0xff, 0xff, 0xff,
	0xff, 0xff, 0xff, 0xff, 0xff, 0xff, 0xff, 0xff, 0xff, 0xff, 0xff, 0xff, 0xff, 0xff, 0xff, 0xff,
	0xff, 0xff, 0xff, 0xff, 0xff, 0xff, 0xff, 0xff, 0x00, 0x00, 0x00, 0x00, 0xff, 0xff, 0xff, 0xff,
	0x00, 0x00, 0x00, 0x02, 0x00, 0x00, 0x00, 0x00, 0x00, 0x00, 0x00, 0x01, 0x00, 0x00, 0x00, 0xff,
	0x00, 0x00, 0x00, 0xff, 0x00, 0x00, 0x00, 0xff, 0x00, 0x00, 0x00, 0xff, 0x00, 0x00, 0x00, 0xff,
	0x00, 0x00, 0x00, 0xff, 0x00, 0x00, 0x00, 0xff, 0x00, 0x00, 0x00, 0xff, 0x00, 0x00, 0x00, 0xff,
	0x00, 0x00, 0x00, 0xff, 0x00, 0x00, 0x00, 0xff, 0x00, 0x00, 0x00, 0xff, 0x00, 0x00, 0x00, 0xff,
	0x00, 0x00, 0x00, 0xff, 0x00, 0x00, 0x00, 0xff, 0x00, 0x00, 0x00, 0xff, 0x00, 0x00, 0x00, 0xff,
	0x00, 0x00, 0x00, 0xff, 0x00, 0x00, 0x00, 0xff, 0x00, 0x00, 0x00, 0xff, 0x00, 0x00, 0x00, 0xff,
	0x00, 0x00, 0x00, 0xff, 0x00, 0x00, 0x00, 0xff, 0x00, 0x00, 0x00, 0xff, 0x00, 0x00, 0x00, 0xff,
	0x00, 0x00, 0x00, 0xff, 0x00, 0x00, 0x00, 0xff, 0x00, 0x00, 0x00, 0xff, 0x00, 0x00, 0x00, 0xff,
	0x00, 0x00, 0x00, 0xff, 0x00, 0x00, 0x00, 0x00, 0x00, 0x00, 0x00, 0x0e, 0x00, 0x00, 0x00, 0x10,
	0x00, 0x00, 0x00, 0x18, 0x00, 0x00, 0x00, 0x00, 0x00, 0x00, 0x00, 0x00, 0x00, 0x00, 0x00, 0x00,
	0x00, 0x00, 0x00, 0x00, 0x00, 0x00, 0x00, 0x00, 0x00, 0x00, 0x00, 0x00, 0x00, 0x00, 0x00, 0x00,
	0x00, 0x00, 0x00, 0x00, 0x00, 0x00, 0x00, 0x01, 0xd0, 0x60, 0x01, 0x34, 0x00, 0x00, 0x00, 0x00,
	0x00, 0x00, 0x00, 0x00, 0x00, 0x00, 0x00, 0x02, 0xd0, 0x60, 0x01, 0x3c, 0x00, 0x00, 0x00, 0x00,
	0x00, 0x00, 0x00, 0x00, 0x00, 0x00, 0x00, 0x00, 0x00, 0x00, 0x00, 0x00, 0x00, 0x00, 0x00, 0x00,
	0x00, 0x00, 0x00, 0x00, 0x00, 0x00, 0x00, 0x00, 0x00, 0x00, 0x00, 0x00, 0x00, 0x00, 0x00, 0x00,
	0x00, 0x00, 0x00, 0x00, 0x00, 0x00, 0x00, 0x00, 0x01, 0x00, 0x0f, 0xff, 0xca, 0x70, 0x01, 0x5c,
	0x00, 0x00, 0x00, 0x09, 0x00, 0x00, 0x00, 0x00, 0x00, 0x00, 0x00, 0x00, 0xca, 0x70, 0x01, 0x64,
	0x00, 0x00, 0x00, 0x09, 0x00, 0x00, 0x00, 0x00, 0x00, 0x00, 0x00, 0x01, 0x61, 0x50, 0x6f, 0x73,
	0x00, 0x00, 0x00, 0x00, 0x61, 0x55, 0x56, 0x00, 0xd0, 0x60, 0x00, 0xf8, 0xd0, 0x60, 0x01, 0x08,
	0xca, 0x70, 0x01, 0x3c, 0xca, 0x70, 0x01, 0x4c, 0x7d, 0x42, 0x4c, 0x4b, 0x00, 0x00, 0x00, 0x28,
	0x00, 0x00, 0x00, 0x00, 0x00, 0x00, 0x01, 0x68, 0xd0, 0x60, 0x00, 0x00, 0x00, 0x00, 0x00, 0x0c,
	0xd0, 0x60, 0x01, 0x5c, 0x00, 0x00, 0x00, 0x00, 0x00, 0x00, 0x00, 0x04, 0xd0, 0x60, 0x01, 0x68,
	0x42, 0x4c, 0x4b, 0x7b, 0x00, 0x00, 0x00, 0x20, 0x00, 0x00, 0x00, 0x01, 0x00, 0x00, 0x00, 0x00,
	0x00, 0x00, 0x00, 0x05, 0x00, 0x00, 0x00, 0x18, 0x00, 0x00, 0x00, 0x01, 0x00, 0x00, 0x00, 0x00,
	0x00, 0x00, 0x00, 0x00, 0x00, 0x00, 0x80, 0x89, 0x00, 0x40, 0x01, 0xc0, 0xc8, 0x0f, 0x00, 0x94,
	0x3c, 0xa0, 0x00, 0xc0, 0x08, 0x0b, 0x20, 0x94, 0x42, 0x4c, 0x4b, 0x7b, 0x00, 0x00, 0x00, 0x20,
	0x00, 0x00, 0x00, 0x01, 0x00, 0x00, 0x00, 0x00, 0x00, 0x00, 0x00, 0x06, 0x00, 0x00, 0x01, 0x7c,
	0x00, 0x00, 0x00, 0x02, 0x00, 0x00, 0x00, 0x00, 0x00, 0x20, 0x00, 0x20, 0x00, 0x00, 0x00, 0x02,
	0x10, 0x00, 0x00, 0x01, 0x00, 0x00, 0x00, 0x00, 0x00, 0x00, 0x00, 0x01, 0x00, 0x00, 0x00, 0x8a,
	0x00, 0x00, 0x00, 0x00, 0x00, 0x00, 0x00, 0x00, 0x00, 0x00, 0x00, 0x00, 0x00, 0x00, 0x00, 0x00,
	0x00, 0x00, 0x00, 0x00, 0x00, 0x00, 0x00, 0x00, 0x00, 0x00, 0x00, 0x00, 0x00, 0x00, 0x00, 0x00,
	0x00, 0x00, 0x00, 0x00, 0x00, 0x00, 0x00, 0x00, 0x00, 0x00, 0x00, 0x00, 0x00, 0x00, 0x00, 0x00,
	0x00, 0x00, 0x00, 0x00, 0x00, 0x00, 0x00, 0x00, 0x00, 0x00, 0x00, 0x00, 0x00, 0x00, 0x00, 0x00,
	0x00, 0x00, 0x00, 0x00, 0x00, 0x00, 0x00, 0x00, 0x00, 0x00, 0x00, 0x00, 0x00, 0x00, 0x00, 0x00,
	0x00, 0x00, 0x00, 0x00, 0x00, 0x00, 0x00, 0x00, 0x00, 0x00, 0x00, 0x00, 0x00, 0x00, 0x00, 0x00,
	0x00, 0x00, 0x00, 0x00, 0x00, 0x00, 0x00, 0x00, 0x00, 0x00, 0x00, 0x00, 0x00, 0x00, 0x00, 0x00,
	0x00, 0x00, 0x00, 0x00, 0x00, 0x00, 0x00, 0x00, 0x00, 0x00, 0x00, 0x00, 0x00, 0x00, 0x00, 0x0f,
	0x00, 0x00, 0x00, 0x01, 0x00, 0x00, 0x00, 0x10, 0x00, 0x00, 0x00, 0x00, 0x00, 0x00, 0x22, 0xa8,
	0x00, 0x00, 0x00, 0x00, 0x00, 0x00, 0x00, 0x00, 0x00, 0x00, 0x00, 0x00, 0x00, 0x00, 0x00, 0x00,
	0x00, 0x00, 0x00, 0x02, 0xd0, 0x60, 0x00, 0xe8, 0x00, 0x00, 0x00, 0x00, 0x00, 0x00, 0x00, 0x00,
	0x00, 0x00, 0x00, 0x01, 0xd0, 0x60, 0x01, 0x10, 0x00, 0x00, 0x00, 0x01, 0xd0, 0x60, 0x01, 0x18,
	0x00, 0x00, 0x00, 0x00, 0x00, 0x00, 0x00, 0x00, 0x00, 0x00, 0x00, 0x00, 0x00, 0x00, 0x00, 0x00,
	0xca, 0x70, 0x01, 0x24, 0x00, 0x00, 0x00, 0x0b, 0x00, 0x00, 0x00, 0x01, 0x00, 0x00, 0x00, 0x04,
	0xff, 0xff, 0xff, 0xff, 0xca, 0x70, 0x01, 0x2c, 0x00, 0x00, 0x00, 0x0b, 0x00, 0x00, 0x00, 0x01,
	0x00, 0x00, 0x00, 0x00, 0xff, 0xff, 0xff, 0xff, 0x00, 0x00, 0x00, 0x00, 0x01, 0x00, 0x0f, 0xff,
	0xca, 0x70, 0x01, 0x34, 0x00, 0x00, 0x00, 0x01, 0x00, 0x00, 0x00, 0x00, 0x75, 0x50, 0x61, 0x72,
	0x61, 0x6d, 0x73, 0x00, 0x75, 0x53, 0x69, 0x7a, 0x65, 0x00, 0x00, 0x00, 0x75, 0x54, 0x65, 0x78,
	0x30, 0x00, 0x00, 0x00, 0xd0, 0x60, 0x00, 0xbc, 0xd0, 0x60, 0x00, 0xcc, 0xd0, 0x60, 0x00, 0xd4,
	0xca, 0x70, 0x00, 0xe8, 0xca, 0x70, 0x00, 0xfc, 0xca, 0x70, 0x01, 0x18, 0x7d, 0x42, 0x4c, 0x4b,
	0x00, 0x00, 0x00, 0x28, 0x00, 0x00, 0x00, 0x00, 0x00, 0x00, 0x01, 0x3c, 0xd0, 0x60, 0x00, 0x00,
	0x00, 0x00, 0x00, 0x18, 0xd0, 0x60, 0x01, 0x24, 0x00, 0x00, 0x00, 0x00, 0x00, 0x00, 0x00, 0x06,
	0xd0, 0x60, 0x01, 0x3c, 0x42, 0x4c, 0x4b, 0x7b, 0x00, 0x00, 0x00, 0x20, 0x00, 0x00, 0x00, 0x01,
	0x00, 0x00, 0x00, 0x00, 0x00, 0x00, 0x00, 0x07, 0x00, 0x00, 0x22, 0xa8, 0x00, 0x00, 0x00, 0x03,
	0x00, 0x00, 0x00, 0x00, 0x0d, 0x00, 0x00, 0x00, 0x00, 0x00, 0x5c, 0xa0, 0x26, 0x00, 0x00, 0x00,
	0x00, 0x1c, 0x80, 0x80, 0x36, 0x00, 0x00, 0x00, 0x00, 0x00, 0xd4, 0xa1, 0xac, 0x00, 0x00, 0x00,
	0x00, 0x00, 0xd0, 0xa1, 0x21, 0x01, 0x00, 0x00, 0x00, 0x00, 0xc8, 0xa1, 0x94, 0x01, 0x00, 0x00,
	0x00, 0x00, 0xb8, 0xa1, 0x04, 0x02, 0x00, 0x00, 0x00, 0x10, 0x80, 0x80, 0x0e, 0x02, 0x00, 0x00,
	0x00, 0x00, 0xe0, 0xa1, 0x87, 0x02, 0x00, 0x00, 0x00, 0x00, 0xd4, 0xa1, 0xfd, 0x02, 0x00, 0x00,
	0x00, 0x00, 0xe4, 0xa1, 0x77, 0x03, 0x00, 0x00, 0x00, 0x00, 0xc8, 0xa1, 0xea, 0x03, 0x00, 0x00,
	0x00, 0x00, 0xa8, 0xa1, 0x00, 0x00, 0x03, 0xc0, 0x81, 0x06, 0x20, 0x94, 0x00, 0x00, 0x20, 0x02,
	0x10, 0x00, 0xc0, 0x00, 0x00, 0x04, 0xa0, 0x02, 0x10, 0x00, 0x40, 0x20, 0xfd, 0x00, 0x20, 0x00,
	0x00, 0x80, 0x62, 0x40, 0xfd, 0x04, 0x20, 0x00, 0x00, 0x80, 0x62, 0x60, 0x00, 0x00, 0x20, 0x80,
	0x10, 0x00, 0xa0, 0x00, 0x00, 0x00, 0x00, 0xc0, 0x00, 0x00, 0x40, 0xc0, 0xfd, 0x00, 0x20, 0x00,
	0x00, 0x80, 0x82, 0x00, 0xfd, 0x04, 0xa0, 0x00, 0x00, 0x84, 0x22, 0x20, 0xfd, 0x08, 0x20, 0x00,
	0x00, 0x80, 0x22, 0x40, 0xfd, 0x0c, 0xa0, 0x00, 0x00, 0x84, 0x02, 0x60, 0x00, 0x04, 0xa0, 0x80,
	0x10, 0x00, 0x60, 0x21, 0x00, 0x00, 0x00, 0x40, 0x00, 0x00, 0x00, 0xc0, 0x00, 0x00, 0x40, 0x40,
	0x00, 0x00, 0x40, 0xc0, 0x00, 0x04, 0x00, 0x00, 0x90, 0x0c, 0x60, 0x00, 0xfd, 0x00, 0xa0, 0x00,
	0x00, 0x84, 0x42, 0x21, 0xfd, 0x04, 0xa0, 0x00, 0x00, 0x84, 0x02, 0x40, 0x01, 0x89, 0x1f, 0x00,
	0x90, 0x06, 0x60, 0x61, 0x00, 0x04, 0x00, 0x80, 0x90, 0x0c, 0xc0, 0x20, 0x00, 0x00, 0x00, 0x40,
	0x00, 0x00, 0x40, 0x40, 0x00, 0x04, 0x00, 0x00, 0x90, 0x0c, 0x20, 0x00, 0x00, 0x04, 0x00, 0x00,
	0x90, 0x0c, 0x60, 0x20, 0x00, 0x04, 0x00, 0x00, 0x90, 0x0c, 0xa0, 0x40, 0x00, 0x04, 0x00, 0x00,
	0x90, 0x0c, 0x80, 0x60, 0x00, 0x00, 0x00, 0x80, 0x90, 0x0c, 0x40, 0x00, 0x00, 0x00, 0x00, 0x00,
	0x00, 0x00, 0x00, 0x00, 0x10, 0x00, 0x00, 0x00, 0x09, 0x10, 0x0d, 0xf0, 0x00, 0x00, 0x80, 0xfc,
	0x00, 0x00, 0x00, 0x00, 0x10, 0x00, 0x06, 0x00, 0x08, 0x10, 0x0d, 0xf0, 0x00, 0x00, 0x80, 0xfc,
	0x00, 0x00, 0x00, 0x00, 0x10, 0x00, 0x03, 0x00, 0x07, 0x10, 0x0d, 0xf0, 0x00, 0x00, 0x20, 0xfc,
	0x00, 0x00, 0x00, 0x00, 0x10, 0x00, 0x03, 0x00, 0x06, 0x10, 0x0d, 0xf0, 0x00, 0x00, 0xb0, 0xfc,
	0x00, 0x00, 0x00, 0x00, 0x10, 0x00, 0x05, 0x00, 0x05, 0x10, 0x0d, 0xf0, 0x00, 0x00, 0x00, 0xfd,
	0x00, 0x00, 0x00, 0x00, 0x10, 0x00, 0x04, 0x00, 0x04, 0x10, 0x0d, 0xf0, 0x00, 0x00, 0x80, 0xfd,
	0x00, 0x00, 0x00, 0x00, 0x10, 0x00, 0x01, 0x00, 0x03, 0x10, 0x0d, 0xf0, 0x00, 0x00, 0x20, 0xfc,
	0x00, 0x00, 0x00, 0x00, 0x10, 0x00, 0x02, 0x00, 0x02, 0x10, 0x0d, 0xf0, 0x00, 0x00, 0x80, 0xfc,
	0x00, 0x00, 0x00, 0x00, 0x00, 0x00, 0x00, 0x00, 0x90, 0x0c, 0x20, 0x00, 0x00, 0x00, 0x00, 0x00,
	0x90, 0x0c, 0x00, 0x20, 0x00, 0x00, 0x00, 0x00, 0x90, 0x0c, 0x60, 0x41, 0x00, 0x00, 0x00, 0x00,
	0x90, 0x0c, 0x40, 0x61, 0x00, 0x00, 0x00, 0x80, 0x90, 0x0c, 0x00, 0x00, 0x09, 0xac, 0x1f, 0x00,
	0xfd, 0x84, 0x82, 0x0f, 0x09, 0xa0, 0x1f, 0x00, 0xfd, 0x84, 0x82, 0x2f, 0x09, 0xa4, 0x1f, 0x00,
	0xfd, 0x84, 0xa2, 0x4f, 0x09, 0xa8, 0x1f, 0x00, 0xfd, 0x84, 0xc2, 0x6f, 0x09, 0xa0, 0x1f, 0x81,
	0xfc, 0x80, 0x82, 0x4f, 0x00, 0x00, 0xf0, 0x3f, 0x00, 0x00, 0x80, 0x3d, 0x00, 0x00, 0x70, 0x41,
	0x00, 0x00, 0x00, 0x00, 0xfe, 0x88, 0x1f, 0x00, 0x00, 0x01, 0x00, 0x00, 0xfe, 0x84, 0x1f, 0x00,
	0x00, 0x01, 0x00, 0x20, 0xff, 0x80, 0x1f, 0x00, 0x00, 0x01, 0x00, 0x40, 0x09, 0xa4, 0x1f, 0x00,
	0xfc, 0x80, 0x82, 0x6f, 0x09, 0xa8, 0x1f, 0x80, 0xfc, 0x80, 0xc2, 0x4f, 0x00, 0x00, 0x70, 0x41,
	0x00, 0x00, 0x00, 0x00, 0xfe, 0x8c, 0x1f, 0x00, 0x00, 0x01, 0x00, 0x00, 0xfe, 0x00, 0x00, 0x00,
	0x00, 0x0a, 0x00, 0x20, 0xfe, 0x04, 0x00, 0x00, 0x00, 0x0a, 0x00, 0x40, 0xfe, 0x08, 0x00, 0x00,
	0x00, 0x0a, 0x00, 0x60, 0xff, 0x80, 0x1f, 0x80, 0x10, 0x01, 0x80, 0x21, 0xfd, 0xc0, 0x9f, 0x00,
	0x7d, 0x88, 0x46, 0x01, 0xfe, 0x00, 0x00, 0x00, 0x00, 0x0a, 0x00, 0x20, 0xfd, 0xc0, 0x9f, 0x01,
	0x7c, 0x88, 0x62, 0x4f, 0xfd, 0xc0, 0x1f, 0x01, 0x7c, 0x84, 0x62, 0x6f, 0x7c, 0x80, 0x1f, 0x80,
	0x00, 0x01, 0x00, 0x40, 0x00, 0x00, 0x00, 0xc0, 0x00, 0x00, 0x00, 0x00, 0xfe, 0x08, 0x00, 0x00,
	0x00, 0x0a, 0x00, 0x00, 0xff, 0x00, 0x00, 0x00, 0x00, 0x0a, 0x00, 0x20, 0x0c, 0x04, 0x00, 0x00,
	0x00, 0x0a, 0x00, 0x40, 0xfd, 0xc0, 0x9f, 0x00, 0x7c, 0x8c, 0x62, 0x6f, 0xfe, 0x0c, 0x00, 0x80,
	0x10, 0x0a, 0x80, 0x2f, 0x00, 0x00, 0x00, 0xc0, 0x00, 0x00, 0x00, 0x00, 0xfd, 0xc0, 0x9f, 0x00,
	0x7c, 0x80, 0x62, 0x0f, 0xfe, 0x0c, 0x00, 0x00, 0x00, 0x0a, 0x00, 0x20, 0x0a, 0x00, 0x00, 0x00,
	0x00, 0x0a, 0x00, 0x40, 0xfd, 0xc0, 0x1f, 0x01, 0x7e, 0x88, 0x62, 0x6f, 0xfe, 0x00, 0x1f, 0x80,
	0x90, 0x07, 0x80, 0x61, 0x00, 0x00, 0x00, 0xc0, 0x00, 0x00, 0x00, 0x00, 0xfe, 0x04, 0x1f, 0x00,
	0x90, 0x07, 0x40, 0x01, 0xfe, 0x0c, 0x00, 0x00, 0x00, 0x0a, 0x00, 0x20, 0xfe, 0x00, 0x00, 0x00,
	0x00, 0x0a, 0x00, 0x40, 0xfe, 0x08, 0x1f, 0x00, 0x90, 0x07, 0xa0, 0x61, 0xfe, 0x08, 0x1f, 0x80,
	0x10, 0x06, 0x60, 0x01, 0xfe, 0x08, 0x1f, 0x00, 0x10, 0x06, 0x80, 0x01, 0xfe, 0x04, 0x1f, 0x00,
	0x90, 0x07, 0x80, 0x21, 0x08, 0xa0, 0x1f, 0x00, 0xfc, 0x80, 0xc2, 0x4f, 0xfe, 0x08, 0x1f, 0x00,
	0x90, 0x07, 0xc0, 0x61, 0x08, 0xa4, 0x1f, 0x80, 0xfc, 0x80, 0xa2, 0x4f, 0x00, 0x00, 0x70, 0x41,
	0x00, 0x00, 0x00, 0x00, 0xff, 0x80, 0x1f, 0x00, 0x00, 0x01, 0x00, 0x00, 0xfe, 0x88, 0x1f, 0x00,
	0x00, 0x01, 0x00, 0x20, 0x08, 0xac, 0x1f, 0x00, 0xfc, 0x80, 0x82, 0x4f, 0x08, 0xa8, 0x1f, 0x00,
	0xfc, 0x80, 0x82, 0x6f, 0x7c, 0x04, 0x1f, 0x80, 0x90, 0x07, 0xa0, 0x21, 0x00, 0x00, 0x70, 0x41,
	0x00, 0x00, 0x00, 0x00, 0xfe, 0x88, 0x1f, 0x00, 0x00, 0x01, 0x00, 0x00, 0xfe, 0x00, 0x00, 0x00,
	0x00, 0x0a, 0x00, 0x20, 0xfe, 0x04, 0x00, 0x00, 0x00, 0x0a, 0x00, 0x40, 0xfe, 0x8c, 0x1f, 0x00,
	0x00, 0x01, 0x00, 0x60, 0x7c, 0x04, 0x1f, 0x80, 0x10, 0x06, 0x40, 0x41, 0xfe, 0x0c, 0x00, 0x00,
	0x00, 0x0a, 0x00, 0x00, 0xfe, 0x00, 0x00, 0x00, 0x00, 0x0a, 0x00, 0x20, 0xfd, 0xc0, 0x9f, 0x00,
	0x7d, 0x88, 0x66, 0x4f, 0xfd, 0xc0, 0x1f, 0x01, 0x7e, 0x88, 0x62, 0x6f, 0x08, 0xa0, 0x9f, 0x80,
	0xfd, 0x88, 0xa2, 0x6f, 0x00, 0x00, 0x00, 0xc0, 0x00, 0x00, 0xf0, 0x40, 0x00, 0x00, 0x80, 0x3e,
	0x00, 0x00, 0x00, 0x00, 0xfd, 0xc0, 0x9f, 0x00, 0x7c, 0x88, 0x62, 0x0f, 0xfd, 0xc0, 0x1f, 0x00,
	0x7c, 0x8c, 0x62, 0x2f, 0x08, 0xa4, 0x9f, 0x00, 0xfd, 0x88, 0x82, 0x4f, 0xfe, 0x0c, 0x00, 0x00,
	0x10, 0x0a, 0xe0, 0x61, 0xfe, 0x08, 0x00, 0x80, 0x00, 0x0a, 0x00, 0x40, 0x00, 0x00, 0x00, 0xc0,
	0x00, 0x00, 0xf0, 0x40, 0x00, 0x00, 0x80, 0x3e, 0x00, 0x00, 0x00, 0x00, 0xfe, 0x00, 0x00, 0x00,
	0x10, 0x0a, 0xa0, 0x01, 0x08, 0xa8, 0x1f, 0x00, 0xfd, 0x84, 0x82, 0x2f, 0xff, 0x00, 0x1f, 0x00,
	0x90, 0x07, 0x80, 0x41, 0xfe, 0x04, 0x00, 0x00, 0x00, 0x0a, 0x00, 0x60, 0xfe, 0x88, 0x1f, 0x80,
	0x00, 0x01, 0x00, 0x40, 0x00, 0x00, 0xf0, 0x40, 0x00, 0x00, 0x80, 0x3e, 0x08, 0xac, 0x1f, 0x00,
	0xfd, 0x84, 0x82, 0x0f, 0xfe, 0x84, 0x1f, 0x00, 0x00, 0x01, 0x00, 0x20, 0xfe, 0x0c, 0x1f, 0x00,
	0x90, 0x07, 0xa0, 0x41, 0xff, 0x00, 0x00, 0x00, 0x00, 0x0a, 0x00, 0x60, 0x7d, 0x8c, 0x1f, 0x80,
	0x00, 0x01, 0x00, 0x60, 0x00, 0x00, 0xf0, 0x40, 0x00, 0x00, 0x80, 0x3e, 0xfd, 0xc0, 0x9f, 0x01,
	0x7c, 0x88, 0x62, 0x0f, 0xff, 0x00, 0x00, 0x00, 0x00, 0x0a, 0x00, 0x20, 0xfe, 0x04, 0x00, 0x00,
	0x00, 0x0a, 0x00, 0x40, 0xfe, 0x80, 0x1f, 0x00, 0x00, 0x01, 0x00, 0x60, 0x7e, 0x8c, 0x1f, 0x80,
	0x00, 0x01, 0x00, 0x60, 0x00, 0x00, 0x00, 0xc0, 0x00, 0x00, 0x00, 0x00, 0xff, 0x00, 0x00, 0x00,
	0x00, 0x0a, 0x00, 0x00, 0xfd, 0xc0, 0x9f, 0x00, 0x7d, 0x8c, 0x62, 0x2f, 0xfe, 0x0c, 0x00, 0x00,
	0x00, 0x0a, 0x00, 0x40, 0xfd, 0xc0, 0x1f, 0x01, 0x7c, 0x84, 0x22, 0x60, 0xfe, 0x00, 0x00, 0x80,
	0x10, 0x0a, 0xc0, 0x01, 0x00, 0x00, 0x00, 0xc0, 0x00, 0x00, 0x00, 0x00, 0x08, 0xac, 0x1f, 0x00,
	0xfd, 0x84, 0x02, 0x01, 0xfd, 0xc8, 0x1f, 0x00, 0x7e, 0x8c, 0x62, 0x2f, 0xfd, 0xc8, 0x1f, 0x01,
	0x7c, 0x80, 0x62, 0x4f, 0x08, 0xa0, 0x1f, 0x00, 0xfd, 0x84, 0x02, 0x62, 0xfe, 0x04, 0x00, 0x80,
	0x00, 0x0a, 0x00, 0x60, 0x00, 0x00, 0xf0, 0x3f, 0x00, 0x00, 0x80, 0x3d, 0x00, 0x00, 0x00, 0xc0,
	0x00, 0x00, 0x00, 0x00, 0xff, 0x00, 0x1f, 0x00, 0x90, 0x07, 0xe0, 0x01, 0x01, 0x0c, 0x00, 0x00,
	0x10, 0x0a, 0xc0, 0x21, 0xfe, 0x08, 0x00, 0x00, 0x00, 0x0a, 0x00, 0x40, 0xfe, 0x04, 0x00, 0x00,
	0x00, 0x0a, 0x00, 0x60, 0xfe, 0x8c, 0x1f, 0x80, 0x00, 0x01, 0x00, 0x20, 0xff, 0x00, 0x00, 0x00,
	0x10, 0x0a, 0x00, 0x02, 0xfe, 0x0c, 0x1f, 0x00, 0x90, 0x07, 0x00, 0x21, 0xfe, 0x08, 0x1f, 0x00,
	0x90, 0x07, 0xc0, 0x41, 0xfe, 0x0c, 0x1f, 0x00, 0x10, 0x06, 0x00, 0x61, 0xfe, 0x04, 0x1f, 0x80,
	0x90, 0x07, 0xe0, 0x21, 0x07, 0xac, 0x1f, 0x00, 0xfd, 0x84, 0xa2, 0x0f, 0x07, 0xa0, 0x1f, 0x00,
	0xfd, 0x84, 0x82, 0x2f, 0x07, 0xa4, 0x1f, 0x00, 0xfd, 0x84, 0xa2, 0x4f, 0xfd, 0x08, 0x02, 0x00,
	0x10, 0x8c, 0x62, 0x6f, 0x07, 0xa8, 0x1f, 0x80, 0xfd, 0x84, 0xa2, 0x6f, 0x00, 0x00, 0xf0, 0x40,
	0x00, 0x00, 0x80, 0x3e, 0x00, 0x00, 0x00, 0xc0, 0x00, 0x00, 0x00, 0x00, 0xfe, 0x88, 0x1f, 0x00,
	0x00, 0x01, 0x00, 0x00, 0xfe, 0x84, 0x1f, 0x00, 0x00, 0x01, 0x00, 0x20, 0x07, 0xa4, 0x1f, 0x00,
	0xfc, 0x80, 0x82, 0x4f, 0xfe, 0x0c, 0x00, 0x00, 0x00, 0x0a, 0x00, 0x60, 0x07, 0xa8, 0x1f, 0x80,
	0xfc, 0x80, 0x82, 0x0f, 0x00, 0x00, 0x70, 0x41, 0x00, 0x00, 0x00, 0x00, 0xfe, 0x00, 0x00, 0x00,
	0x00, 0x0a, 0x00, 0x00, 0xfe, 0x0c, 0x1f, 0x00, 0x90, 0x07, 0xe0, 0x20, 0xfe, 0x04, 0x00, 0x00,
	0x00, 0x0a, 0x00, 0x40, 0xfe, 0x88, 0x1f, 0x00, 0x00, 0x01, 0x00, 0x60, 0xff, 0x80, 0x1f, 0x80,
	0x00, 0x01, 0x00, 0x00, 0xfe, 0x0c, 0x00, 0x00, 0x00, 0x0a, 0x00, 0x00, 0xff, 0x00, 0x00, 0x00,
	0x00, 0x0a, 0x00, 0x20, 0xfd, 0xc0, 0x1f, 0x00, 0x7d, 0x88, 0x62, 0x4f, 0xfd, 0xc0, 0x1f, 0x01,
	0x7c, 0x84, 0x62, 0x6f, 0x7d, 0x80, 0x1f, 0x80, 0x00, 0x01, 0x00, 0x40, 0x00, 0x00, 0x00, 0xc0,
	0x00, 0x00, 0x00, 0x00, 0xff, 0x00, 0x00, 0x00, 0x00, 0x0a, 0x00, 0x00, 0xfe, 0x0c, 0x00, 0x00,
	0x10, 0x0a, 0x20, 0x22, 0xfd, 0xc0, 0x9f, 0x00, 0x7c, 0x80, 0x62, 0x4f, 0xfd, 0xc0, 0x1f, 0x00,
	0x7c, 0x88, 0x62, 0x6f, 0xfe, 0x08, 0x00, 0x80, 0x00, 0x0a, 0x00, 0x40, 0x00, 0x00, 0x00, 0xc0,
	0x00, 0x00, 0x00, 0x00, 0xfd, 0xc0, 0x1f, 0x00, 0x7d, 0x80, 0x62, 0x0f, 0xfe, 0x0c, 0x00, 0x00,
	0x10, 0x0a, 0x00, 0x22, 0xfe, 0x08, 0x00, 0x00, 0x10, 0x0a, 0x00, 0x42, 0x06, 0xa0, 0x9f, 0x00,
	0xfd, 0x88, 0x82, 0x6f, 0xff, 0x00, 0x1f, 0x80, 0x90, 0x07, 0x40, 0x22, 0x00, 0x00, 0x00, 0xc0,
	0x00, 0x00, 0xf0, 0x40, 0x00, 0x00, 0x80, 0x3e, 0x00, 0x00, 0x00, 0x00, 0x06, 0xa4, 0x1f, 0x00,
	0xfd, 0x84, 0x82, 0x0f, 0x06, 0xa8, 0x1f, 0x00, 0xfd, 0x84, 0xa2, 0x2f, 0x06, 0xac, 0x1f, 0x00,
	0xfd, 0x84, 0x82, 0x4f, 0xfe, 0x00, 0x00, 0x00, 0x10, 0x0a, 0xc0, 0x60, 0xfe, 0x8c, 0x1f, 0x80,
	0x00, 0x01, 0x00, 0x60, 0x00, 0x00, 0xf0, 0x40, 0x00, 0x00, 0x80, 0x3e, 0xff, 0x00, 0x00, 0x00,
	0x00, 0x0a, 0x00, 0x00, 0xfe, 0x84, 0x1f, 0x00, 0x00, 0x01, 0x00, 0x20, 0xfe, 0x80, 0x1f, 0x00,
	0x00, 0x01, 0x00, 0x40, 0xfe, 0x88, 0x1f, 0x00, 0x00, 0x01, 0x00, 0x60, 0x7d, 0x8c, 0x1f, 0x80,
	0x00, 0x01, 0x00, 0x60, 0xff, 0x00, 0x00, 0x00, 0x00, 0x0a, 0x00, 0x00, 0xfd, 0xc0, 0x1f, 0x00,
	0x7c, 0x8c, 0x82, 0x2f, 0xfe, 0x04, 0x00, 0x00, 0x00, 0x0a, 0x00, 0x40, 0xfe, 0x08, 0x00, 0x00,
	0x00, 0x0a, 0x00, 0x60, 0xfe, 0x0c, 0x00, 0x80, 0x00, 0x0a, 0x00, 0x20, 0x00, 0x00, 0x00, 0xc0,
	0x00, 0x00, 0x00, 0x00, 0xfd, 0xc0, 0x9f, 0x01, 0x7c, 0x80, 0x62, 0x0f, 0xfd, 0xc0, 0x1f, 0x00,
	0x7d, 0x8c, 0x62, 0x2f, 0xfd, 0xe0, 0x1f, 0x00, 0x7c, 0x88, 0x62, 0x4f, 0xfd, 0xc0, 0x1f, 0x81,
	0x7d, 0x84, 0x62, 0x6f, 0x00, 0x00, 0x00, 0xc0, 0x00, 0x00, 0x00, 0x00, 0xfe, 0x04, 0x00, 0x00,
	0x00, 0x0a, 0x00, 0x00, 0xfe, 0x00, 0x00, 0x00, 0x10, 0x0a, 0xc0, 0x20, 0xfe, 0x0c, 0x00, 0x00,
	0x10, 0x0a, 0x40, 0x42, 0x7c, 0x04, 0x00, 0x00, 0x10, 0x0a, 0xe0, 0x60, 0xfe, 0x08, 0x00, 0x80,
	0x10, 0x0a, 0x60, 0x42, 0x05, 0xa4, 0x1f, 0x00, 0xfc, 0x80, 0x82, 0x0f, 0x05, 0xa8, 0x1f, 0x00,
	0xfc, 0x80, 0xa2, 0x2f, 0xfe, 0x00, 0x1f, 0x00, 0x90, 0x07, 0x20, 0x42, 0x05, 0xa0, 0x1f, 0x00,
	0xfc, 0x80, 0x82, 0x6f, 0x05, 0xac, 0x1f, 0x80, 0xfc, 0x80, 0x82, 0x4f, 0x00, 0x00, 0x70, 0x41,
	0x00, 0x00, 0x00, 0x00, 0xff, 0x80, 0x1f, 0x00, 0x00, 0x01, 0x00, 0x00, 0xfe, 0x84, 0x1f, 0x00,
	0x00, 0x01, 0x00, 0x20, 0xfe, 0x80, 0x1f, 0x00, 0x00, 0x01, 0x00, 0x40, 0xfe, 0x8c, 0x1f, 0x00,
	0x00, 0x01, 0x00, 0x60, 0x08, 0x80, 0x1f, 0x80, 0x00, 0x01, 0x00, 0x00, 0xfe, 0x0c, 0x00, 0x00,
	0x00, 0x0a, 0x00, 0x00, 0xff, 0x00, 0x00, 0x00, 0x00, 0x0a, 0x00, 0x20, 0xfe, 0x04, 0x00, 0x00,
	0x00, 0x0a, 0x00, 0x40, 0xfe, 0x08, 0x00, 0x00, 0x00, 0x0a, 0x00, 0x60, 0xfe, 0x00, 0x00, 0x80,
	0x10, 0x0a, 0x80, 0x2f, 0xfd, 0xc0, 0x9f, 0x01, 0x7c, 0x80, 0x86, 0x0f, 0xfd, 0xc0, 0x1f, 0x00,
	0x7c, 0x8c, 0x62, 0x2f, 0xfd, 0xc0, 0x9f, 0x00, 0x08, 0x80, 0x62, 0x4f, 0xfd, 0xc0, 0x1f, 0x01,
	0x7d, 0x84, 0x82, 0x6f, 0x05, 0xa8, 0x9f, 0x80, 0xfd, 0x88, 0xa2, 0x6f, 0x00, 0x00, 0x00, 0xc0,
	0x00, 0x00, 0xf0, 0x40, 0x00, 0x00, 0x80, 0x3e, 0x00, 0x00, 0x00, 0x00, 0x05, 0xac, 0x1f, 0x00,
	0xfd, 0x84, 0xa2, 0x0f, 0x05, 0xa0, 0x1f, 0x00, 0xfd, 0x84, 0x82, 0x2f, 0xfd, 0x88, 0x8f, 0x00,
	0x7c, 0x88, 0x62, 0x4f, 0xfe, 0x08, 0x00, 0x00, 0x00, 0x0a, 0x00, 0x60, 0xfe, 0x04, 0x00, 0x80,
	0x00, 0x0a, 0x00, 0x60, 0x00, 0x00, 0xf0, 0x40, 0x00, 0x00, 0x80, 0x3e, 0x00, 0x00, 0x00, 0xc0,
	0x00, 0x00, 0x00, 0x00, 0x7c, 0x00, 0x00, 0x00, 0x10, 0x0a, 0x20, 0x02, 0x7c, 0x0c, 0x00, 0x00,
	0x10, 0x0a, 0x60, 0x22, 0xfe, 0x0c, 0x1f, 0x00, 0x90, 0x07, 0xe0, 0x41, 0xfe, 0x08, 0x00, 0x00,
	0x00, 0x0a, 0x00, 0x60, 0xff, 0x00, 0x1f, 0x80, 0x90, 0x07, 0x00, 0x62, 0xfe, 0x0c, 0x1f, 0x00,
	0x90, 0x07, 0x40, 0x02, 0x05, 0xa4, 0x1f, 0x00, 0xfd, 0x84, 0xaa, 0x22, 0x7c, 0x84, 0x1f, 0x00,
	0x00, 0x01, 0x00, 0x40, 0x7d, 0x80, 0x1f, 0x00, 0x00, 0x01, 0x00, 0x60, 0x7d, 0x8c, 0x1f, 0x80,
	0x00, 0x01, 0x00, 0x60, 0x00, 0x00, 0xf0, 0x3f, 0x00, 0x00, 0x80, 0x3d, 0xff, 0x00, 0x00, 0x00,
	0x00, 0x0a, 0x00, 0x00, 0x05, 0xa8, 0x1f, 0x00, 0xfd, 0x84, 0xc2, 0x22, 0xfe, 0x08, 0x00, 0x00,
	0x00, 0x0a, 0x00, 0x40, 0xfe, 0x0c, 0x00, 0x00, 0x00, 0x0a, 0x00, 0x60, 0xfe, 0x84, 0x1f, 0x80,
	0x00, 0x01, 0x00, 0x60, 0x00, 0x00, 0xf0, 0x3f, 0x00, 0x00, 0x80, 0x3d, 0xfd, 0xc0, 0x9f, 0x01,
	0x7d, 0x80, 0xa2, 0x00, 0xfd, 0xc0, 0x1f, 0x00, 0x7d, 0x8c, 0x82, 0x22, 0xff, 0x00, 0x00, 0x00,
	0x10, 0x0a, 0x20, 0x40, 0xfd, 0xc0, 0x1f, 0x01, 0x7c, 0x84, 0x22, 0x60, 0xfe, 0x84, 0x1f, 0x80,
	0x10, 0x01, 0xa0, 0x40, 0x00, 0x00, 0x00, 0xc0, 0x00, 0x00, 0x00, 0x00, 0x01, 0x0c, 0x00, 0x00,
	0x10, 0x0a, 0x60, 0x02, 0xfd, 0x20, 0x00, 0x01, 0x15, 0x84, 0x62, 0x2f, 0x05, 0x00, 0x00, 0x00,
	0x10, 0x0a, 0x80, 0x42, 0x14, 0x04, 0x00, 0x00, 0x00, 0x0a, 0x00, 0x60, 0x05, 0x08, 0x00, 0x80,
	0x00, 0x0a, 0x00, 0x60, 0x00, 0x00, 0x00, 0xc0, 0x00, 0x00, 0x00, 0x00, 0xfd, 0xe0, 0x1f, 0x00,
	0x16, 0x84, 0x62, 0x0f, 0xfe, 0x04, 0x00, 0x00, 0x00, 0x0a, 0x00, 0x20, 0xfe, 0x00, 0x1f, 0x00,
	0x90, 0x07, 0xa0, 0x42, 0xfe, 0x0c, 0x1f, 0x00, 0x90, 0x07, 0x20, 0x62, 0xfe, 0x08, 0x1f, 0x80,
	0x90, 0x07, 0x80, 0x02, 0x00, 0x00, 0x00, 0xc0, 0x00, 0x00, 0x00, 0x00, 0x04, 0xa4, 0x1f, 0x00,
	0xfd, 0x84, 0x82, 0x0f, 0x04, 0xa8, 0x1f, 0x00, 0xfd, 0x84, 0xa2, 0x2f, 0xfe, 0x00, 0x00, 0x00,
	0x00, 0x0a, 0x00, 0x40, 0xfe, 0x04, 0x1f, 0x00, 0x90, 0x07, 0x40, 0x62, 0x04, 0xa0, 0x1f, 0x80,
	0xfd, 0x84, 0x82, 0x6f, 0x00, 0x00, 0xf0, 0x40, 0x00, 0x00, 0x80, 0x3e, 0xfe, 0x08, 0x1f, 0x00,
	0x90, 0x07, 0xa0, 0x02, 0xfe, 0x80, 0x1f, 0x00, 0x00, 0x01, 0x00, 0x20, 0x04, 0xac, 0x1f, 0x00,
	0xfd, 0x84, 0x22, 0x40, 0xff, 0x80, 0x1f, 0x00, 0x00, 0x01, 0x00, 0x60, 0x04, 0xac, 0x1f, 0x81,
	0xfc, 0x80, 0x82, 0x4f, 0x00, 0x00, 0xf0, 0x40, 0x00, 0x00, 0x80, 0x3e, 0x00, 0x00, 0x70, 0x41,
	0x00, 0x00, 0x00, 0x00, 0xfe, 0x0c, 0x00, 0x00, 0x00, 0x0a, 0x00, 0x00, 0x7d, 0x84, 0x1f, 0x00,
	0x00, 0x01, 0x00, 0x20, 0xff, 0x80, 0x1f, 0x00, 0x00, 0x01, 0x00, 0x40, 0xfe, 0x04, 0x00, 0x00,
	0x00, 0x0a, 0x00, 0x60, 0x04, 0xa0, 0x1f, 0x80, 0xfc, 0x80, 0x82, 0x2f, 0x00, 0x00, 0x70, 0x41,
	0x00, 0x00, 0x00, 0x00, 0xfd, 0xc0, 0x9f, 0x01, 0x7c, 0x80, 0x62, 0x0f, 0xfd, 0xc0, 0x1f, 0x00,
	0x7c, 0x8c, 0x62, 0x2f, 0xfe, 0x04, 0x00, 0x00, 0x00, 0x0a, 0x00, 0x40, 0xfe, 0x08, 0x00, 0x00,
	0x00, 0x0a, 0x00, 0x60, 0xff, 0x80, 0x1f, 0x80, 0x00, 0x01, 0x00, 0x60, 0x00, 0x00, 0x00, 0xc0,
	0x00, 0x00, 0x00, 0x00, 0xfd, 0xc0, 0x9f, 0x01, 0x7c, 0x88, 0x62, 0x0f, 0xff, 0x00, 0x00, 0x00,
	0x00, 0x0a, 0x00, 0x20, 0xfe, 0x04, 0x00, 0x00, 0x00, 0x0a, 0x00, 0x40, 0xfd, 0xc0, 0x1f, 0x01,
	0x7d, 0x84, 0x62, 0x6f, 0xfe, 0x00, 0x00, 0x80, 0x10, 0x0a, 0xc0, 0x02, 0x00, 0x00, 0x00, 0xc0,
	0x00, 0x00, 0x00, 0x00, 0xfe, 0x0c, 0x00, 0x00, 0x10, 0x0a, 0xe0, 0x02, 0xfd, 0xc0, 0x9f, 0x00,
	0x7c, 0x84, 0x62, 0x2f, 0xfe, 0x00, 0x00, 0x00, 0x10, 0x0a, 0xe0, 0x42, 0xfe, 0x08, 0x1f, 0x00,
	0x90, 0x07, 0x60, 0x62, 0x03, 0xa0, 0x9f, 0x80, 0xfd, 0x88, 0x82, 0x2f, 0x00, 0x00, 0x00, 0xc0,
	0x00, 0x00, 0xf0, 0x40, 0x00, 0x00, 0x80, 0x3e, 0x00, 0x00, 0x00, 0x00, 0x03, 0xac, 0x1f, 0x00,
	0xfd, 0x84, 0x82, 0x0f, 0xfe, 0x04, 0x00, 0x00, 0x10, 0x0a, 0x80, 0x22, 0x03, 0xa4, 0x1f, 0x00,
	0xfd, 0x84, 0x82, 0x4f, 0x03, 0xa8, 0x1f, 0x00, 0xfd, 0x84, 0x82, 0x6f, 0xff, 0x80, 0x1f, 0x80,
	0x00, 0x01, 0x00, 0x20, 0x00, 0x00, 0xf0, 0x40, 0x00, 0x00, 0x80, 0x3e, 0xfe, 0x88, 0x1f, 0x00,
	0x00, 0x01, 0x00, 0x00, 0xfe, 0x80, 0x1f, 0x00, 0x00, 0x01, 0x00, 0x20, 0xff, 0x00, 0x00, 0x00,
	0x00, 0x0a, 0x00, 0x40, 0xfe, 0x8c, 0x1f, 0x00, 0x00, 0x01, 0x00, 0x60, 0x05, 0xa4, 0x1f, 0x80,
	0xfd, 0x84, 0xa2, 0x4f, 0x00, 0x00, 0xf0, 0x40, 0x00, 0x00, 0x80, 0x3e, 0xfe, 0x0c, 0x00, 0x00,
	0x00, 0x0a, 0x00, 0x00, 0xfe, 0x00, 0x00, 0x00, 0x00, 0x0a, 0x00, 0x20, 0xfe, 0x04, 0x00, 0x00,
	0x00, 0x0a, 0x00, 0x40, 0xfd, 0xc0, 0x1f, 0x01, 0x7c, 0x84, 0x62, 0x6f, 0xff, 0x80, 0x1f, 0x80,
	0x00, 0x01, 0x00, 0x00, 0x00, 0x00, 0x00, 0xc0, 0x00, 0x00, 0x00, 0x00, 0xfd, 0xc0, 0x1f, 0x01,
	0x7c, 0x80, 0x62, 0x0f, 0xfd, 0xc0, 0x1f, 0x00, 0x7c, 0x8c, 0x62, 0x2f, 0xfd, 0xc0, 0x9f, 0x00,
	0x7c, 0x88, 0x62, 0x4f, 0xff, 0x00, 0x00, 0x00, 0x00, 0x0a, 0x00, 0x60, 0xfe, 0x0c, 0x00, 0x80,
	0x10, 0x0a, 0xa0, 0x20, 0x00, 0x00, 0x00, 0xc0, 0x00, 0x00, 0x00, 0x00, 0xfe, 0x08, 0x00, 0x00,
	0x10, 0x0a, 0x20, 0x03, 0xfe, 0x00, 0x00, 0x00, 0x10, 0x0a, 0xa0, 0x22, 0xfd, 0xc0, 0x9f, 0x01,
	0x7d, 0x88, 0x62, 0x4f, 0xfe, 0x04, 0x00, 0x00, 0x10, 0x0a, 0x80, 0x62, 0x02, 0xa0, 0x9f, 0x80,
	0xfc, 0x80, 0x82, 0x2f, 0x00, 0x00, 0x00, 0xc0, 0x00, 0x00, 0x70, 0x41, 0x02, 0xa4, 0x1f, 0x00,
	0xfc, 0x80, 0xa2, 0x0f, 0xff, 0x80, 0x1f, 0x00, 0x00, 0x01, 0x00, 0x20, 0xfe, 0x08, 0x00, 0x00,
	0x00, 0x0a, 0x00, 0x40, 0x02, 0xa8, 0x1f, 0x00, 0xfc, 0x80, 0x82, 0x6f, 0x02, 0xac, 0x1f, 0x80,
	0xfc, 0x80, 0x82, 0x0f, 0x00, 0x00, 0x70, 0x41, 0x00, 0x00, 0x00, 0x00, 0xfe, 0x04, 0x00, 0x00,
	0x00, 0x0a, 0x00, 0x00, 0xfe, 0x80, 0x1f, 0x00, 0x00, 0x01, 0x00, 0x20, 0xfe, 0x08, 0x1f, 0x00,
	0x90, 0x07, 0xc0, 0x42, 0xfe, 0x8c, 0x1f, 0x00, 0x00, 0x01, 0x00, 0x60, 0xff, 0x80, 0x1f, 0x80,
	0x00, 0x01, 0x00, 0x40, 0xfe, 0x0c, 0x00, 0x00, 0x00, 0x0a, 0x00, 0x00, 0xfe, 0x04, 0x00, 0x00,
	0x00, 0x0a, 0x00, 0x20, 0xff, 0x00, 0x00, 0x00, 0x00, 0x0a, 0x00, 0x40, 0xfd, 0xc0, 0x1f, 0x00,
	0x7c, 0x84, 0x62, 0x6f, 0x02, 0xa0, 0x9f, 0x80, 0xfd, 0x88, 0x22, 0x60, 0x00, 0x00, 0x00, 0xc0,
	0x00, 0x00, 0x70, 0x40, 0x00, 0x00, 0x00, 0x3e, 0x00, 0x00, 0x00, 0x00, 0xfd, 0xc0, 0x1f, 0x01,
	0x7c, 0x80, 0x66, 0x0f, 0xfd, 0xc0, 0x1f, 0x00, 0x7c, 0x8c, 0x62, 0x2f, 0xfd, 0xc0, 0x9f, 0x00,
	0x7d, 0x80, 0x62, 0x4f, 0xfe, 0x0c, 0x00, 0x00, 0x10, 0x0a, 0xa0, 0x62, 0xff, 0x80, 0x1f, 0x80,
	0x10, 0x01, 0x80, 0x6f, 0x00, 0x00, 0x00, 0xc0, 0x00, 0x00, 0x00, 0x00, 0xfe, 0x08, 0x00, 0x00,
	0x10, 0x0a, 0x40, 0x03, 0x02, 0xa8, 0x1f, 0x00, 0xfd, 0x84, 0x62, 0x20, 0x02, 0xac, 0x1f, 0x00,
	0xfd, 0x84, 0x42, 0x40, 0xfe, 0x04, 0x00, 0x00, 0x00, 0x0a, 0x00, 0x60, 0xfe, 0x00, 0x00, 0x80,
	0x00, 0x0a, 0x00, 0x00, 0x00, 0x00, 0x70, 0x40, 0x00, 0x00, 0x00, 0x3e, 0x7c, 0x0c, 0x00, 0x00,
	0x10, 0x0a, 0x60, 0x00, 0xfe, 0x0c, 0x1f, 0x00, 0x90, 0x07, 0xc0, 0x22, 0xff, 0x00, 0x1f, 0x00,
	0x90, 0x07, 0x00, 0x43, 0xfe, 0x84, 0x1f, 0x00, 0x10, 0x01, 0x40, 0x60, 0xfe, 0x88, 0x1f, 0x80,
	0x10, 0x01, 0x80, 0x00, 0x04, 0x00, 0x00, 0x00, 0x00, 0x0a, 0x00, 0x00, 0xfd, 0x60, 0x00, 0x00,
	0x01, 0x8c, 0x62, 0x2f, 0x02, 0x0c, 0x00, 0x00, 0x00, 0x0a, 0x00, 0x40, 0x02, 0xa4, 0x9f, 0x00,
	0xfd, 0x88, 0xa2, 0x6f, 0x01, 0x88, 0x1f, 0x80, 0x00, 0x01, 0x00, 0x00, 0x00, 0x00, 0x00, 0xc0,
	0x00, 0x00, 0x70, 0x40, 0x00, 0x00, 0x00, 0x3e, 0x00, 0x00, 0x00, 0x00, 0xfe, 0x04, 0x00, 0x00,
	0x00, 0x0a, 0x00, 0x00, 0xff, 0x00, 0x00, 0x00, 0x00, 0x0a, 0x00, 0x20, 0xfd, 0xc0, 0x1f, 0x00,
	0x02, 0x88, 0x62, 0x4f, 0xfd, 0xc0, 0x1f, 0x01, 0x03, 0x84, 0x62, 0x6f, 0x02, 0xa0, 0x9f, 0x80,
	0xfd, 0x88, 0x82, 0x6f, 0x00, 0x00, 0x00, 0xc0, 0x00, 0x00, 0xf0, 0x3f, 0x00, 0x00, 0x80, 0x3d,
	0x00, 0x00, 0x00, 0x00, 0x02, 0xa4, 0x1f, 0x00, 0xfd, 0x84, 0x82, 0x0f, 0xfe, 0x0c, 0x00, 0x00,
	0x10, 0x0a, 0xe0, 0x22, 0xfd, 0xc8, 0x9f, 0x00, 0x01, 0x88, 0x62, 0x4f, 0xfe, 0x08, 0x00, 0x00,
	0x10, 0x0a, 0xc0, 0x62, 0xfe, 0x00, 0x1f, 0x80, 0x90, 0x07, 0xe0, 0x62, 0x00, 0x00, 0xf0, 0x3f,
	0x00, 0x00, 0x80, 0x3d, 0x00, 0x00, 0x00, 0xc0, 0x00, 0x00, 0x00, 0x00, 0xfe, 0x0c, 0x1f, 0x00,
	0x90, 0x07, 0x60, 0x03, 0xfe, 0x04, 0x1f, 0x00, 0x90, 0x07, 0x00, 0x23, 0xfe, 0x08, 0x00, 0x00,
	0x00, 0x0a, 0x00, 0x40, 0xfe, 0x80, 0x1f, 0x00, 0x00, 0x01, 0x00, 0x60, 0x7c, 0x8c, 0x1f, 0x80,
	0x00, 0x01, 0x00, 0x20, 0xfe, 0x08, 0x1f, 0x00, 0x90, 0x07, 0x00, 0x03, 0xfe, 0x0c, 0x00, 0x00,
	0x00, 0x0a, 0x00, 0x20, 0xff, 0x00, 0x00, 0x00, 0x00, 0x0a, 0x00, 0x40, 0x7d, 0x8c, 0x1f, 0x00,
	0x00, 0x01, 0x00, 0x60, 0x0e, 0x00, 0x1f, 0x80, 0x90, 0x07, 0x00, 0x02, 0xfe, 0x0c, 0x00, 0x00,
	0x00, 0x0a, 0x00, 0x00, 0x09, 0xac, 0x1f, 0x00, 0xfc, 0x80, 0x82, 0x2f, 0xfd, 0xc4, 0x9f, 0x00,
	0x7c, 0x80, 0x62, 0x4f, 0xfd, 0xc4, 0x1f, 0x01, 0x7c, 0x8c, 0x62, 0x6f, 0x09, 0xa4, 0x1f, 0x81,
	0xfd, 0x8c, 0x82, 0x4f, 0x00, 0x00, 0x70, 0x41, 0x00, 0x00, 0x00, 0xc0, 0x00, 0x00, 0xf0, 0x40,
	0x00, 0x00, 0x80, 0x3e, 0xfd, 0xc0, 0x1f, 0x00, 0x7d, 0x8c, 0x62, 0x0f, 0xfe, 0x08, 0x00, 0x00,
	0x00, 0x0a, 0x00, 0x20, 0xfe, 0x84, 0x1f, 0x00, 0x00, 0x01, 0x00, 0x40, 0xfe, 0x0c, 0x00, 0x00,
	0x00, 0x0a, 0x00, 0x60, 0xff, 0x80, 0x1f, 0x80, 0x00, 0x01, 0x00, 0x00, 0x00, 0x00, 0x00, 0xc0,
	0x00, 0x00, 0x00, 0x00, 0xff, 0x00, 0x00, 0x00, 0x00, 0x0a, 0x00, 0x00, 0xfe, 0x08, 0x00, 0x00,
	0x00, 0x0a, 0x00, 0x20, 0xfe, 0x00, 0x00, 0x00, 0x00, 0x0a, 0x00, 0x40, 0xfe, 0x0c, 0x1f, 0x00,
	0x10, 0x06, 0x00, 0x63, 0xfe, 0x04, 0x1f, 0x80, 0x10, 0x06, 0x20, 0x43, 0xfd, 0xc0, 0x1f, 0x00,
	0x7c, 0x88, 0x62, 0x0f, 0xfe, 0x08, 0x1f, 0x00, 0x90, 0x07, 0x20, 0x21, 0xfd, 0xc0, 0x9f, 0x00,
	0x7c, 0x84, 0x62, 0x4f, 0x09, 0xa4, 0x9f, 0x00, 0xfd, 0x88, 0x82, 0x6f, 0x09, 0xa0, 0x9f, 0x80,
	0xfd, 0x88, 0xa2, 0x6f, 0x00, 0x00, 0x00, 0xc0, 0x00, 0x00, 0x70, 0x40, 0x00, 0x00, 0x00, 0x3e,
	0x00, 0x00, 0x00, 0x00, 0xfe, 0x00, 0x00, 0x00, 0x00, 0x0a, 0x00, 0x00, 0xfe, 0x8c, 0x1f, 0x00,
	0x00, 0x01, 0x00, 0x20, 0xfe, 0x08, 0x00, 0x00, 0x00, 0x0a, 0x00, 0x40, 0xff, 0x80, 0x1f, 0x00,
	0x00, 0x01, 0x00, 0x60, 0x09, 0xa0, 0x1f, 0x80, 0xfd, 0x84, 0x82, 0x2f, 0x00, 0x00, 0xf0, 0x40,
	0x00, 0x00, 0x80, 0x3e, 0xfe, 0x00, 0x1f, 0x00, 0x90, 0x07, 0xc0, 0x00, 0xfe, 0x0c, 0x00, 0x00,
	0x00, 0x0a, 0x00, 0x20, 0xfe, 0x08, 0x1f, 0x00, 0x90, 0x07, 0xa0, 0x40, 0xfe, 0x04, 0x00, 0x00,
	0x00, 0x0a, 0x00, 0x60, 0xff, 0x80, 0x1f, 0x80, 0x00, 0x01, 0x00, 0x20, 0xfd, 0xc0, 0x9f, 0x01,
	0x7c, 0x8c, 0x66, 0x0f, 0xfd, 0xc0, 0x9f, 0x00, 0x7d, 0x8c, 0x62, 0x2f, 0xff, 0x00, 0x00, 0x00,
	0x00, 0x0a, 0x00, 0x40, 0x09, 0xa8, 0x9f, 0x80, 0xfd, 0x88, 0x82, 0x6f, 0x00, 0x00, 0x00, 0xc0,
	0x00, 0x00, 0xf0, 0x40, 0x00, 0x00, 0x80, 0x3e, 0x00, 0x00, 0x00, 0x00, 0xfe, 0x04, 0x00, 0x00,
	0x00, 0x0a, 0x00, 0x00, 0xfe, 0x00, 0x00, 0x00, 0x00, 0x0a, 0x00, 0x20, 0xfe, 0x8c, 0x1f, 0x00,
	0x00, 0x01, 0x00, 0x40, 0xfd, 0xc0, 0x1f, 0x01, 0x7c, 0x84, 0x62, 0x6f, 0x09, 0xa8, 0x9f, 0x80,
	0xfd, 0x88, 0x82, 0x2f, 0x00, 0x00, 0x00, 0xc0, 0x00, 0x00, 0x70, 0x40, 0x00, 0x00, 0x00, 0x3e,
	0x00, 0x00, 0x00, 0x00, 0xfe, 0x08, 0x00, 0x00, 0x00, 0x0a, 0x00, 0x00, 0xfe, 0x0c, 0x00, 0x00,
	0x00, 0x0a, 0x00, 0x20, 0xfe, 0x04, 0x1f, 0x00, 0x90, 0x07, 0xc0, 0x40, 0xfe, 0x00, 0x1f, 0x00,
	0x90, 0x07, 0xa0, 0x60, 0xff, 0x80, 0x1f, 0x80, 0x00, 0x01, 0x00, 0x20, 0xfe, 0x04, 0x1f, 0x00,
	0x90, 0x07, 0xa0, 0x00, 0xfd, 0xc0, 0x1f, 0x00, 0x7c, 0x8c, 0x62, 0x2f, 0xff, 0x00, 0x00, 0x00,
	0x00, 0x0a, 0x00, 0x40, 0x09, 0xac, 0x9f, 0x80, 0xfd, 0x88, 0x82, 0x6f, 0x00, 0x00, 0x00, 0xc0,
	0x00, 0x00, 0xf0, 0x40, 0x00, 0x00, 0x80, 0x3e, 0x00, 0x00, 0x00, 0x00, 0xfe, 0x04, 0x00, 0x00,
	0x00, 0x0a, 0x00, 0x00, 0x09, 0xac, 0x1f, 0x00, 0xfd, 0x84, 0x82, 0x2f, 0xfe, 0x8c, 0x1f, 0x00,
	0x00, 0x01, 0x00, 0x40, 0xfd, 0xc8, 0x1f, 0x81, 0x7c, 0x84, 0x62, 0x6f, 0x00, 0x00, 0x70, 0x40,
	0x00, 0x00, 0x00, 0x3e, 0x00, 0x00, 0x00, 0xc0, 0x00, 0x00, 0x00, 0x00, 0xfe, 0x00, 0x1f, 0x00,
	0x90, 0x07, 0xe0, 0x00, 0xfe, 0x0c, 0x00, 0x00, 0x00, 0x0a, 0x00, 0x20, 0xfe, 0x84, 0x1f, 0x00,
	0x00, 0x01, 0x00, 0x40, 0xfe, 0x08, 0x00, 0x80, 0x00, 0x0a, 0x00, 0x60, 0xfd, 0xc0, 0x9f, 0x01,
	0x7c, 0x8c, 0x62, 0x0f, 0xfe, 0x08, 0x00, 0x00, 0x00, 0x0a, 0x00, 0x20, 0xfe, 0x04, 0x1f, 0x80,
	0x90, 0x07, 0xe0, 0x40, 0x00, 0x00, 0x00, 0xc0, 0x00, 0x00, 0x00, 0x00, 0xfe, 0x00, 0x00, 0x00,
	0x00, 0x0a, 0x00, 0x00, 0xfd, 0xc0, 0x9f, 0x80, 0x7c, 0x84, 0x62, 0x4f, 0x00, 0x00, 0x00, 0xc0,
	0x00, 0x00, 0x00, 0x00, 0xfe, 0x00, 0x1f, 0x00, 0x90, 0x07, 0x00, 0x01, 0xfe, 0x08, 0x00, 0x80,
	0x00, 0x0a, 0x00, 0x40, 0xfe, 0x08, 0x1f, 0x80, 0x90, 0x07, 0x00, 0x41, 0x00, 0x00, 0x00, 0x00,
	0x00, 0x00, 0x00, 0x00, 0x10, 0x00, 0x01, 0x00, 0x04, 0x10, 0x0d, 0xf0, 0x00, 0x00, 0x80, 0xfc,
	0x00, 0x00, 0x00, 0x00, 0x10, 0x00, 0x00, 0x00, 0x03, 0x10, 0x0d, 0xf0, 0x00, 0x00, 0x90, 0xfd,
	0x00, 0x00, 0x00, 0x00, 0x10, 0x00, 0x0b, 0x00, 0x02, 0x10, 0x0d, 0xf0, 0x00, 0x00, 0xa0, 0xfc,
	0x00, 0x00, 0x00, 0x00, 0x10, 0x00, 0x0a, 0x00, 0x01, 0x10, 0x0d, 0xf0, 0x00, 0x00, 0xb0, 0xfc,
	0x00, 0x00, 0x00, 0x00, 0x10, 0x00, 0x00, 0x00, 0x00, 0x10, 0x0d, 0xf0, 0x00, 0x00, 0x00, 0xfd,
	0x00, 0x00, 0x00, 0x00, 0x03, 0xa4, 0x1f, 0x00, 0xfd, 0x84, 0xaa, 0x0f, 0x04, 0xa0, 0x1f, 0x00,
	0xfd, 0x84, 0x8a, 0x2f, 0x04, 0xa4, 0x1f, 0x00, 0xfd, 0x84, 0x82, 0x4f, 0x03, 0xa0, 0x1f, 0x00,
	0xfd, 0x84, 0x82, 0x6f, 0x03, 0xa8, 0x1f, 0x80, 0xfd, 0x84, 0xa2, 0x2f, 0x00, 0x00, 0x70, 0x40,
	0x00, 0x00, 0x00, 0x3e, 0xfe, 0x88, 0x1f, 0x00, 0x00, 0x01, 0x00, 0x00, 0xfe, 0x84, 0x1f, 0x00,
	0x00, 0x01, 0x00, 0x20, 0x03, 0xac, 0x1f, 0x00, 0xfd, 0x84, 0xa2, 0x4f, 0xfe, 0x8c, 0x1f, 0x00,
	0x00, 0x01, 0x00, 0x60, 0xfe, 0x80, 0x1f, 0x80, 0x00, 0x01, 0x00, 0x40, 0x00, 0x00, 0x70, 0x40,
	0x00, 0x00, 0x00, 0x3e, 0xfe, 0x0c, 0x00, 0x00, 0x00, 0x0a, 0x00, 0x00, 0xfe, 0x00, 0x00, 0x00,
	0x00, 0x0a, 0x00, 0x20, 0xfe, 0x04, 0x00, 0x00, 0x00, 0x0a, 0x00, 0x40, 0xff, 0x00, 0x00, 0x00,
	0x00, 0x0a, 0x00, 0x60, 0xfe, 0x88, 0x1f, 0x80, 0x10, 0x01, 0x80, 0x0f, 0xfd, 0xc0, 0x9f, 0x01,
	0x7d, 0x80, 0x62, 0x0f, 0xfd, 0xc0, 0x1f, 0x00, 0x7c, 0x8c, 0x62, 0x2f, 0xfd, 0xc0, 0x9f, 0x00,
	0x7c, 0x88, 0x62, 0x4f, 0xfd, 0xc0, 0x1f, 0x81, 0x7c, 0x84, 0x62, 0x6f, 0x00, 0x00, 0x00, 0xc0,
	0x00, 0x00, 0x00, 0x00, 0xfe, 0x0c, 0x00, 0x00, 0x10, 0x0a, 0x60, 0x00, 0x7c, 0x00, 0x00, 0x00,
	0x00, 0x0a, 0x00, 0x20, 0xfe, 0x08, 0x00, 0x00, 0x10, 0x0a, 0x60, 0x40, 0xfe, 0x04, 0x00, 0x00,
	0x10, 0x0a, 0x60, 0x60, 0xfe, 0x00, 0x00, 0x80, 0x10, 0x0a, 0x80, 0x00, 0x02, 0xac, 0x1f, 0x00,
	0xfd, 0x84, 0x82, 0x0f, 0x02, 0xa8, 0x1f, 0x00, 0xfd, 0x84, 0x82, 0x2f, 0xfd, 0xc8, 0x9f, 0x00,
	0x7d, 0x88, 0x62, 0x4f, 0x7d, 0x84, 0x1f, 0x00, 0x00, 0x01, 0x00, 0x60, 0x02, 0xa0, 0x9f, 0x81,
	0xfc, 0x80, 0x82, 0x6f, 0x00, 0x00, 0xf0, 0x3f, 0x00, 0x00, 0x80, 0x3d, 0x00, 0x00, 0x00, 0xc0,
	0x00, 0x00, 0x70, 0x41, 0xfe, 0x08, 0x00, 0x00, 0x10, 0x0a, 0x20, 0x01, 0xfe, 0x84, 0x1f, 0x00,
	0x00, 0x01, 0x00, 0x20, 0xfe, 0x0c, 0x00, 0x00, 0x00, 0x0a, 0x00, 0x40, 0xff, 0x80, 0x1f, 0x00,
	0x00, 0x01, 0x00, 0x60, 0xfe, 0x80, 0x1f, 0x80, 0x00, 0x01, 0x00, 0x40, 0xfe, 0x0c, 0x00, 0x00,
	0x00, 0x0a, 0x00, 0x00, 0xfe, 0x04, 0x00, 0x00, 0x00, 0x0a, 0x00, 0x20, 0xff, 0x00, 0x00, 0x00,
	0x00, 0x0a, 0x00, 0x40, 0xfd, 0xc0, 0x1f, 0x01, 0x7d, 0x84, 0x62, 0x6f, 0x02, 0xa0, 0x9f, 0x80,
	0xfd, 0x88, 0xa2, 0x2f, 0x00, 0x00, 0x00, 0xc0, 0x00, 0x00, 0x70, 0x40, 0x00, 0x00, 0x00, 0x3e,
	0x00, 0x00, 0x00, 0x00, 0xfd, 0xc0, 0x9f, 0x00, 0x7c, 0x84, 0x62, 0x0f, 0xfd, 0xc0, 0x1f, 0x00,
	0x7c, 0x8c, 0x62, 0x2f, 0xfd, 0xc0, 0x1f, 0x01, 0x7c, 0x80, 0x62, 0x4f, 0xfe, 0x0c, 0x00, 0x00,
	0x10, 0x0a, 0x20, 0x61, 0x02, 0xa8, 0x9f, 0x80, 0xfd, 0x88, 0x82, 0x6f, 0x00, 0x00, 0x00, 0xc0,
	0x00, 0x00, 0x70, 0x40, 0x00, 0x00, 0x00, 0x3e, 0x00, 0x00, 0x00, 0x00, 0xff, 0x80, 0x1f, 0x00,
	0x00, 0x01, 0x00, 0x00, 0xfe, 0x00, 0x00, 0x00, 0x00, 0x0a, 0x00, 0x20, 0xfe, 0x08, 0x00, 0x00,
	0x00, 0x0a, 0x00, 0x40, 0xfe, 0x04, 0x00, 0x00, 0x00, 0x0a, 0x00, 0x60, 0x7d, 0x84, 0x1f, 0x80,
	0x00, 0x01, 0x00, 0x20, 0xfe, 0x00, 0x00, 0x00, 0x00, 0x0a, 0x00, 0x00, 0xfe, 0x04, 0x1f, 0x00,
	0x10, 0x06, 0x60, 0x21, 0xff, 0x00, 0x00, 0x00, 0x00, 0x0a, 0x00, 0x40, 0xfe, 0x0c, 0x1f, 0x00,
	0x90, 0x07, 0x40, 0x61, 0xfe, 0x08, 0x1f, 0x80, 0x10, 0x06, 0x40, 0x00, 0x01, 0xa8, 0x1f, 0x00,
	0xfd, 0x84, 0x82, 0x0f, 0xfd, 0xc8, 0x1f, 0x00, 0x7c, 0x8c, 0x62, 0x2f, 0x01, 0xac, 0x1f, 0x00,
	0xfd, 0x84, 0x82, 0x4f, 0xfd, 0xc8, 0x1f, 0x01, 0x7d, 0x84, 0x62, 0x6f, 0x01, 0xa0, 0x1f, 0x80,
	0xfd, 0x84, 0x82, 0x6f, 0x00, 0x00, 0x70, 0x40, 0x00, 0x00, 0x00, 0x3e, 0x00, 0x00, 0x00, 0xc0,
	0x00, 0x00, 0x00, 0x00, 0xff, 0x80, 0x1f, 0x00, 0x00, 0x01, 0x00, 0x00, 0xfe, 0x0c, 0x00, 0x00,
	0x10, 0x0a, 0x80, 0x20, 0xfe, 0x80, 0x1f, 0x00, 0x00, 0x01, 0x00, 0x40, 0xfe, 0x04, 0x00, 0x00,
	0x00, 0x0a, 0x00, 0x60, 0xfe, 0x88, 0x1f, 0x80, 0x00, 0x01, 0x00, 0x00, 0xfe, 0x00, 0x00, 0x00,
	0x00, 0x0a, 0x00, 0x00, 0xff, 0x00, 0x00, 0x00, 0x00, 0x0a, 0x00, 0x20, 0xfe, 0x08, 0x00, 0x00,
	0x00, 0x0a, 0x00, 0x40, 0xfe, 0x0c, 0x1f, 0x00, 0x90, 0x07, 0x20, 0x60, 0xfe, 0x04, 0x1f, 0x80,
	0x90, 0x07, 0x40, 0x21, 0x00, 0xa0, 0x1f, 0x00, 0xfd, 0x84, 0xa2, 0x0f, 0xfd, 0xc8, 0x1f, 0x00,
	0x7c, 0x8c, 0x62, 0x2f, 0xfd, 0xc8, 0x9f, 0x00, 0x7c, 0x88, 0x62, 0x4f, 0xfd, 0xc8, 0x1f, 0x01,
	0x7c, 0x80, 0x62, 0x6f, 0x00, 0xa4, 0x1f, 0x80, 0xfd, 0x84, 0x82, 0x4f, 0x00, 0x00, 0x70, 0x40,
	0x00, 0x00, 0x00, 0x3e, 0x00, 0x00, 0x00, 0xc0, 0x00, 0x00, 0x00, 0x00, 0xfe, 0x04, 0x00, 0x00,
	0x00, 0x0a, 0x00, 0x00, 0xfe, 0x0c, 0x00, 0x00, 0x10, 0x0a, 0x20, 0x23, 0xfe, 0x08, 0x00, 0x00,
	0x10, 0x0a, 0x20, 0x40, 0x00, 0xa8, 0x1f, 0x00, 0xfd, 0x84, 0x82, 0x6f, 0x00, 0xac, 0x1f, 0x80,
	0xfd, 0x84, 0x82, 0x0f, 0x00, 0x00, 0x70, 0x40, 0x00, 0x00, 0x00, 0x3e, 0xfe, 0x8c, 0x1f, 0x00,
	0x00, 0x01, 0x00, 0x00, 0x7d, 0x80, 0x1f, 0x00, 0x00, 0x01, 0x00, 0x20, 0xff, 0x80, 0x1f, 0x00,
	0x00, 0x01, 0x00, 0x40, 0xfe, 0x00, 0x1f, 0x00, 0x90, 0x07, 0x00, 0x60, 0x7c, 0x88, 0x1f, 0x80,
	0x00, 0x01, 0x00, 0x00, 0xfe, 0x00, 0x00, 0x00, 0x00, 0x0a, 0x00, 0x00, 0xff, 0x00, 0x00, 0x00,
	0x00, 0x0a, 0x00, 0x20, 0xfe, 0x04, 0x00, 0x00, 0x00, 0x0a, 0x00, 0x40, 0xfe, 0x08, 0x00, 0x00,
	0x00, 0x0a, 0x00, 0x60, 0x01, 0xa0, 0x1f, 0x80, 0xfc, 0x80, 0x82, 0x2f, 0x00, 0x00, 0x70, 0x41,
	0x00, 0x00, 0x00, 0x00, 0xfd, 0xc0, 0x9f, 0x01, 0x7c, 0x80, 0x66, 0x0f, 0xfd, 0xc0, 0x1f, 0x00,
	0x7c, 0x8c, 0x62, 0x2f, 0xfd, 0xc0, 0x9f, 0x00, 0x7c, 0x88, 0x62, 0x4f, 0xfd, 0xc0, 0x1f, 0x01,
	0x7d, 0x80, 0x62, 0x6f, 0xff, 0x80, 0x1f, 0x80, 0x00, 0x01, 0x00, 0x60, 0x00, 0x00, 0x00, 0xc0,
	0x00, 0x00, 0x00, 0x00, 0xff, 0x00, 0x00, 0x00, 0x00, 0x0a, 0x00, 0x00, 0xfe, 0x0c, 0x00, 0x00,
	0x10, 0x0a, 0x40, 0x23, 0xfe, 0x08, 0x00, 0x00, 0x10, 0x0a, 0x20, 0x41, 0xfe, 0x04, 0x00, 0x00,
	0x10, 0x0a, 0x20, 0x63, 0xfe, 0x00, 0x00, 0x80, 0x10, 0x0a, 0x20, 0x00, 0x0c, 0xcc, 0x00, 0x00,
	0x10, 0x18, 0x14, 0x00, 0xfd, 0xc0, 0x1f, 0x00, 0x7c, 0x84, 0x02, 0x20, 0x12, 0x00, 0x03, 0x01,
	0x90, 0x18, 0x00, 0x40, 0x10, 0x4c, 0x81, 0x01, 0x90, 0x18, 0x40, 0x63, 0x0d, 0xc8, 0x82, 0x80,
	0x90, 0x18, 0x60, 0x20, 0x00, 0x00, 0x00, 0xc0, 0x00, 0x00, 0x00, 0x00, 0x00, 0x68, 0x81, 0x01,
	0x80, 0x18, 0x00, 0x00, 0x00, 0x04, 0x00, 0x00, 0x10, 0x0a, 0x08, 0x20, 0x03, 0x64, 0x81, 0x01,
	0x80, 0x18, 0x00, 0x40, 0x1a, 0x6c, 0x81, 0x01, 0x80, 0x18, 0x00, 0x60, 0x00, 0xa0, 0x01, 0x81,
	0x10, 0x18, 0x40, 0x43, 0x0c, 0xc4, 0x00, 0x01, 0x00, 0x18, 0x00, 0x00, 0x0c, 0xc4, 0x9f, 0x01,
	0x10, 0x18, 0x60, 0x23, 0x0a, 0xc0, 0x1f, 0x00, 0x10, 0x18, 0x60, 0x41, 0x0c, 0xcc, 0x1f, 0x01,
	0x10, 0x18, 0x40, 0x63, 0x0c, 0x04, 0x01, 0x80, 0x00, 0x18, 0x00, 0x60, 0xfe, 0x40, 0x81, 0x01,
	0x10, 0x18, 0xa4, 0x03, 0xff, 0x00, 0x82, 0x01, 0x10, 0x18, 0x80, 0x23, 0x05, 0xe8, 0x00, 0x00,
	0x00, 0x18, 0x00, 0x40, 0x0a, 0xe0, 0x00, 0x01, 0x00, 0x18, 0x00, 0x60, 0x02, 0xa8, 0x1f, 0x80,
	0xfc, 0x80, 0x82, 0x2f, 0x00, 0x00, 0x70, 0x41, 0x00, 0x00, 0x00, 0x00, 0xfe, 0x88, 0x01, 0x01,
	0x10, 0x18, 0xc4, 0x03, 0xff, 0x80, 0x1f, 0x00, 0x00, 0x01, 0x00, 0x20, 0xfe, 0x0c, 0x03, 0x01,
	0x10, 0x18, 0x40, 0x40, 0x17, 0x2c, 0x80, 0x01, 0x10, 0x18, 0x80, 0x63, 0x0a, 0xa0, 0x00, 0x80,
	0x00, 0x18, 0x00, 0x60, 0xff, 0x40, 0x02, 0x00, 0x10, 0x18, 0x80, 0x03, 0x16, 0xc8, 0x01, 0x01,
	0x10, 0x18, 0xc4, 0x2f, 0xfe, 0x04, 0x00, 0x00, 0x00, 0x0a, 0x00, 0x40, 0x1d, 0x00, 0x83, 0x00,
	0x10, 0x18, 0xe0, 0x6f, 0x0c, 0x0c, 0x01, 0x81, 0x00, 0x18, 0x00, 0x40, 0x05, 0xa8, 0x80, 0x01,
	0x10, 0x18, 0xe4, 0x03, 0xfe, 0x00, 0x02, 0x00, 0x00, 0x18, 0x00, 0x20, 0xff, 0xc0, 0x82, 0x00,
	0x10, 0x18, 0x60, 0x43, 0xfd, 0xc0, 0x1f, 0x01, 0x7c, 0x84, 0x62, 0x6f, 0x0f, 0x20, 0x82, 0x81,
	0x10, 0x18, 0x80, 0x4f, 0x00, 0x00, 0x00, 0xc0, 0x00, 0x00, 0x00, 0x00, 0x1c, 0xe4, 0x81, 0x00,
	0x10, 0x18, 0x80, 0x0f, 0xfe, 0x0c, 0x00, 0x00, 0x10, 0x0a, 0x60, 0x20, 0x1e, 0x80, 0x02, 0x00,
	0x00, 0x18, 0x00, 0x40, 0xfe, 0xe4, 0x1f, 0x00, 0x10, 0x18, 0x60, 0x63, 0x02, 0xac, 0x1f, 0x80,
	0xfd, 0x84, 0xc2, 0x0f, 0x00, 0x00, 0x70, 0x40, 0x00, 0x00, 0x00, 0x3e, 0x1b, 0x48, 0x81, 0x00,
	0x10, 0x18, 0xe0, 0x0f, 0x05, 0xc0, 0x00, 0x00, 0x10, 0x18, 0xa4, 0x2f, 0xfe, 0x88, 0x0f, 0x01,
	0x10, 0x18, 0x80, 0x43, 0x0f, 0xcc, 0x01, 0x00, 0x03, 0x03, 0x00, 0x60, 0x01, 0xa4, 0x1f, 0x80,
	0xfd, 0x84, 0xa2, 0x0f, 0x00, 0x00, 0x70, 0x40, 0x00, 0x00, 0x00, 0x3e, 0x7c, 0xc0, 0x8f, 0x00,
	0x10, 0x18, 0xa0, 0x00, 0xfe, 0x0c, 0x1f, 0x00, 0x80, 0x07, 0x00, 0x20, 0x10, 0xc8, 0x80, 0x01,
	0x03, 0x03, 0x10, 0x40, 0x15, 0xc8, 0x02, 0x01, 0x10, 0x18, 0x80, 0x6f, 0xff, 0x80, 0x1f, 0x80,
	0x00, 0x01, 0x00, 0x40, 0x15, 0xcc, 0x82, 0x01, 0x03, 0x03, 0x08, 0x00, 0xfe, 0xa4, 0x8f, 0x00,
	0x10, 0x18, 0x80, 0x2f, 0x05, 0x0c, 0x01, 0x01, 0x10, 0x18, 0x00, 0x41, 0xff, 0x00, 0x00, 0x00,
	0x00, 0x0a, 0x00, 0x60, 0xfe, 0x08, 0x1f, 0x80, 0x80, 0x07, 0x00, 0x60, 0xfd, 0xc0, 0x9f, 0x01,
	0x7d, 0x80, 0x82, 0x0f, 0x7c, 0xec, 0x1f, 0x00, 0x00, 0x18, 0x00, 0x20, 0xfe, 0x00, 0x1f, 0x00,
	0x80, 0x07, 0x00, 0x40, 0x7e, 0x80, 0x1f, 0x00, 0x00, 0x01, 0x00, 0x60, 0x1a, 0xa8, 0x02, 0x81,
	0x00, 0x18, 0x00, 0x00, 0x00, 0x00, 0x00, 0xc0, 0x00, 0x00, 0x00, 0x00, 0x7c, 0xc4, 0x9f, 0x00,
	0x10, 0x18, 0xc0, 0x00, 0xff, 0xc0, 0x8f, 0x00, 0x10, 0x18, 0xa0, 0x23, 0x11, 0x60, 0x02, 0x00,
	0x03, 0x03, 0x00, 0x40, 0xfe, 0x0c, 0x00, 0x00, 0x00, 0x0a, 0x00, 0x60, 0xfe, 0x08, 0x01, 0x81,
	0x10, 0x18, 0xa0, 0x60, 0xfd, 0xc0, 0x9f, 0x01, 0x7e, 0x80, 0x62, 0x0f, 0x10, 0xe0, 0x01, 0x00,
	0x10, 0x18, 0x80, 0x2f, 0xfe, 0x08, 0x1f, 0x00, 0x80, 0x07, 0x00, 0x40, 0x01, 0xa4, 0x9f, 0x00,
	0xfc, 0x80, 0xc2, 0x6f, 0x02, 0xac, 0x9f, 0x80, 0xfc, 0x80, 0xc2, 0x4f, 0x00, 0x00, 0x00, 0xc0,
	0x00, 0x00, 0x70, 0x41, 0x06, 0xe8, 0x00, 0x01, 0x10, 0x18, 0xc0, 0x01, 0x7c, 0x00, 0x00, 0x00,
	0x00, 0x0a, 0x08, 0x20, 0x1a, 0xe0, 0x82, 0x00, 0x03, 0x03, 0x04, 0x40, 0xfe, 0xa8, 0x8f, 0x00,
	0x10, 0x18, 0xa0, 0x6f, 0xfe, 0x00, 0x00, 0x80, 0x00, 0x0a, 0x00, 0x00, 0xff, 0x00, 0x1f, 0x00,
	0x90, 0x07, 0xa0, 0x0f, 0xfe, 0x04, 0x1f, 0x00, 0x90, 0x07, 0x60, 0x22, 0x13, 0x84, 0x02, 0x01,
	0x03, 0x03, 0x00, 0x40, 0x17, 0xe8, 0x02, 0x00, 0x03, 0x03, 0x00, 0x60, 0xfe, 0x08, 0x1f, 0x80,
	0x90, 0x07, 0x80, 0x4f, 0x07, 0x00, 0x01, 0x00, 0x10, 0x18, 0x80, 0x0f, 0x0a, 0xc4, 0x1f, 0x00,
	0x10, 0x18, 0x28, 0x20, 0x0f, 0xc4, 0x01, 0x01, 0x10, 0x18, 0xa0, 0x4f, 0xfe, 0x0c, 0x1f, 0x00,
	0x80, 0x07, 0x00, 0x60, 0xfe, 0x08, 0x1f, 0x80, 0x80, 0x07, 0x00, 0x60, 0x7c, 0xc8, 0x01, 0x00,
	0x10, 0x18, 0xe4, 0x00, 0x7c, 0xc4, 0x9f, 0x01, 0x00, 0x18, 0x08, 0x20, 0x14, 0xc4, 0x02, 0x00,
	0x03, 0x03, 0x00, 0x40, 0xff, 0xc0, 0x1f, 0x00, 0x10, 0x18, 0x80, 0x6f, 0x00, 0x24, 0x00, 0x81,
	0x03, 0x03, 0x00, 0x20, 0xfe, 0x08, 0x1f, 0x00, 0x80, 0x07, 0x00, 0x00, 0xff, 0x00, 0x1f, 0x00,
	0x90, 0x07, 0x80, 0x2f, 0x7d, 0xcc, 0x9f, 0x00, 0x10, 0x18, 0xe0, 0x40, 0x0d, 0xc0, 0x81, 0x00,
	0x03, 0x03, 0x00, 0x60, 0x7e, 0x88, 0x1f, 0x80, 0x00, 0x01, 0x00, 0x00, 0x18, 0x24, 0x81, 0x00,
	0x00, 0x18, 0x00, 0x00, 0xff, 0x00, 0x00, 0x00, 0x00, 0x0a, 0x00, 0x20, 0x14, 0x20, 0x82, 0x01,
	0x10, 0x18, 0x00, 0x40, 0x7d, 0xc8, 0x1f, 0x00, 0x00, 0x18, 0x00, 0x60, 0xfe, 0x0c, 0x1f, 0x80,
	0x80, 0x07, 0x00, 0x00, 0x7c, 0xcc, 0x9f, 0x01, 0x10, 0x18, 0x00, 0x01, 0xff, 0x80, 0x0f, 0x00,
	0x10, 0x18, 0x00, 0x20, 0xfd, 0xc0, 0x9f, 0x00, 0x7e, 0x88, 0x62, 0x4f, 0xfe, 0x80, 0x8f, 0x00,
	0x10, 0x18, 0x40, 0x60, 0x7e, 0x8c, 0x1f, 0x80, 0x00, 0x01, 0x00, 0x40, 0x00, 0x00, 0x00, 0xc0,
	0x00, 0x00, 0x00, 0x00, 0xff, 0x00, 0x00, 0x00, 0x00, 0x0a, 0x00, 0x00, 0x10, 0x24, 0x82, 0x00,
	0x03, 0x03, 0x08, 0x20, 0xfe, 0x08, 0x00, 0x00, 0x00, 0x0a, 0x00, 0x40, 0x09, 0xa4, 0x0f, 0x00,
	0x00, 0x18, 0x00, 0x60, 0x1b, 0xe0, 0x82, 0x81, 0x10, 0x18, 0x00, 0x42, 0xfd, 0xc0, 0x1f, 0x00,
	0x7e, 0x8c, 0x02, 0x00, 0x7f, 0xcc, 0x9f, 0x01, 0x10, 0x18, 0x80, 0x20, 0x7f, 0xc0, 0x9f, 0x01,
	0x10, 0x18, 0xc0, 0x40, 0xfe, 0x88, 0x80, 0x00, 0x13, 0x03, 0xe0, 0x61, 0xfe, 0x04, 0x1f, 0x80,
	0x90, 0x07, 0xc0, 0x41, 0x00, 0x00, 0x00, 0xc0, 0x00, 0x00, 0x00, 0x00, 0x0f, 0x0c, 0x1f, 0x00,
	0x80, 0x07, 0x00, 0x00, 0x06, 0x60, 0x82, 0x01, 0x10, 0x18, 0xa8, 0x2f, 0x00, 0x00, 0x00, 0x00,
	0x10, 0x0a, 0x00, 0x40, 0x00, 0xc8, 0x01, 0x01, 0x00, 0x18, 0x04, 0x60, 0x16, 0x40, 0x02, 0x81,
	0x03, 0x03, 0x00, 0x60, 0x00, 0xc4, 0x9f, 0x01, 0x10, 0x18, 0xa0, 0x01, 0xfe, 0x00, 0x01, 0x01,
	0x10, 0x18, 0xc4, 0x2f, 0x07, 0x48, 0x82, 0x00, 0x10, 0x18, 0x80, 0x4f, 0xff, 0x60, 0x02, 0x01,
	0x02, 0x03, 0x00, 0x60, 0x19, 0x24, 0x01, 0x80, 0x13, 0x03, 0x80, 0x2f, 0x11, 0xa4, 0x82, 0x00,
	0x03, 0x03, 0x04, 0x00, 0x04, 0xa8, 0x1f, 0x00, 0xfc, 0x80, 0xea, 0x2f, 0xfe, 0x0c, 0x1f, 0x00,
	0x80, 0x07, 0x00, 0x40, 0x00, 0x28, 0x83, 0x00, 0x03, 0x03, 0x00, 0x60, 0x04, 0xac, 0x1f, 0x80,
	0xfc, 0x80, 0xc2, 0x0f, 0x00, 0x00, 0x70, 0x41, 0x00, 0x00, 0x00, 0x00, 0xfe, 0x80, 0x82, 0x01,
	0x02, 0x03, 0x00, 0x00, 0x7c, 0x64, 0x80, 0x01, 0x02, 0x03, 0x08, 0x20, 0xfe, 0x0c, 0x1f, 0x00,
	0x80, 0x07, 0x00, 0x40, 0x7d, 0xc4, 0x1f, 0x01, 0x10, 0x18, 0xe0, 0x61, 0x0d, 0x00, 0x03, 0x80,
	0x10, 0x18, 0xa0, 0x2f, 0xfe, 0x04, 0x1f, 0x00, 0x90, 0x07, 0x00, 0x02, 0xfe, 0x00, 0x1f, 0x00,
	0x80, 0x07, 0x00, 0x20, 0x17, 0xc0, 0x80, 0x00, 0x03, 0x03, 0x00, 0x40, 0x10, 0xc8, 0x1f, 0x01,
	0x00, 0x18, 0x00, 0x60, 0x08, 0x20, 0x02, 0x81, 0x10, 0x18, 0xa0, 0x0f, 0x7e, 0xc4, 0x9f, 0x01,
	0x10, 0x18, 0xe0, 0x01, 0x06, 0xac, 0x80, 0x00, 0x03, 0x03, 0x00, 0x20, 0x7c, 0xc8, 0x9f, 0x00,
	0x10, 0x18, 0x00, 0x41, 0xfe, 0xe8, 0x80, 0x01, 0x02, 0x03, 0x00, 0x60, 0x7e, 0x80, 0x1f, 0x80,
	0x00, 0x01, 0x00, 0x00, 0xff, 0x00, 0x00, 0x00, 0x00, 0x0a, 0x00, 0x00, 0x01, 0x28, 0x81, 0x01,
	0x13, 0x03, 0x80, 0x2f, 0xfe, 0x0c, 0x1f, 0x00, 0x80, 0x07, 0x00, 0x40, 0xfe, 0x24, 0x03, 0x00,
	0x02, 0x03, 0x00, 0x60, 0x03, 0x20, 0x01, 0x81, 0x13, 0x03, 0x80, 0x0f, 0xfe, 0x0c, 0x1f, 0x00,
	0x80, 0x07, 0x00, 0x00, 0x06, 0xe4, 0x80, 0x01, 0x03, 0x03, 0x08, 0x20, 0xfd, 0xc0, 0x1f, 0x00,
	0x7e, 0x80, 0x62, 0x4f, 0x7d, 0xc4, 0x1f, 0x01, 0x10, 0x18, 0xc0, 0x60, 0x7f, 0x84, 0x1f, 0x80,
	0x00, 0x01, 0x00, 0x20, 0x00, 0x00, 0x00, 0xc0, 0x00, 0x00, 0x00, 0x00, 0x09, 0x60, 0x80, 0x01,
	0x13, 0x03, 0xa8, 0x0f, 0xff, 0x00, 0x00, 0x00, 0x00, 0x0a, 0x00, 0x20, 0x7d, 0xc0, 0x1f, 0x00,
	0x10, 0x18, 0xc0, 0x41, 0xfe, 0x08, 0x00, 0x00, 0x00, 0x0a, 0x00, 0x60, 0xfe, 0x04, 0x1f, 0x80,
	0x80, 0x07, 0x00, 0x40, 0xfd, 0xc0, 0x9f, 0x00, 0x7f, 0x84, 0x82, 0x0f, 0xfe, 0x6c, 0x00, 0x00,
	0x13, 0x03, 0xa4, 0x2f, 0x7c, 0x20, 0x83, 0x01, 0x12, 0x03, 0x80, 0x4f, 0x05, 0x24, 0x03, 0x00,
	0x13, 0x03, 0x80, 0x6f, 0x08, 0xe8, 0x1f, 0x80, 0x10, 0x18, 0x60, 0x60, 0x00, 0x00, 0x00, 0xc0,
	0x00, 0x00, 0x00, 0x00, 0x09, 0x28, 0x83, 0x01, 0x13, 0x03, 0xb0, 0x0f, 0x7c, 0x84, 0x00, 0x00,
	0x12, 0x03, 0x8c, 0x2f, 0x15, 0x84, 0x82, 0x01, 0x13, 0x03, 0xa0, 0x4f, 0x12, 0x68, 0x02, 0x01,
	0x13, 0x03, 0xa0, 0x6f, 0x7d, 0x00, 0x1f, 0x80, 0x90, 0x07, 0x20, 0x21, 0x7c, 0x08, 0x1f, 0x00,
	0x90, 0x07, 0x20, 0x01, 0x7d, 0x04, 0x1f, 0x00, 0x90, 0x07, 0xa0, 0x20, 0x09, 0x8c, 0x00, 0x00,
	0x13, 0x03, 0x80, 0x4f, 0x7c, 0x00, 0x00, 0x00, 0x00, 0x0a, 0x00, 0x60, 0x7c, 0x0c, 0x1f, 0x80,
	0x90, 0x07, 0x80, 0x0f, 0x7c, 0x04, 0x1f, 0x00, 0x90, 0x07, 0xa0, 0x0f, 0x7d, 0x00, 0x1f, 0x00,
	0x90, 0x07, 0xc0, 0x21, 0x7d, 0x08, 0x1f, 0x00, 0x80, 0x07, 0x00, 0x40, 0x7d, 0x0c, 0x1f, 0x00,
	0x90, 0x07, 0x80, 0x6f, 0xfe, 0x6c, 0x00, 0x81, 0x03, 0x03, 0x00, 0x60, 0xff, 0x00, 0x1f, 0x00,
	0x80, 0x07, 0x00, 0x00, 0x0f, 0x8c, 0x0f, 0x00, 0x10, 0x18, 0x4c, 0x21, 0x06, 0xcc, 0x1f, 0x01,
	0x10, 0x18, 0x20, 0x41, 0x7c, 0x08, 0x1f, 0x00, 0x90, 0x07, 0xe0, 0x60, 0x06, 0xe0, 0x80, 0x80,
	0x10, 0x18, 0x80, 0x0f, 0x0e, 0x88, 0x8f, 0x01, 0x10, 0x18, 0x24, 0x02, 0x01, 0xc4, 0x1f, 0x00,
	0x00, 0x18, 0x10, 0x20, 0x1b, 0xac, 0x81, 0x01, 0x10, 0x18, 0x80, 0x4f, 0x1a, 0x24, 0x00, 0x00,
	0x03, 0x03, 0x00, 0x60, 0x03, 0x48, 0x83, 0x80, 0x03, 0x03, 0x00, 0x20, 0xff, 0x20, 0x00, 0x00,
	0x02, 0x03, 0x00, 0x00, 0x04, 0xa8, 0x1f, 0x00, 0xfd, 0x84, 0x82, 0x2f, 0x05, 0xcc, 0x9f, 0x00,
	0x10, 0x18, 0x20, 0x40, 0xfe, 0x0c, 0x1f, 0x00, 0x90, 0x07, 0x80, 0x6f, 0x1a, 0xac, 0x81, 0x80,
	0x00, 0x18, 0x00, 0x20, 0x00, 0x00, 0x70, 0x40, 0x00, 0x00, 0x00, 0x3e, 0xfe, 0x00, 0x1f, 0x00,
	0x90, 0x07, 0x80, 0x00, 0xfe, 0x08, 0x80, 0x01, 0x00, 0x18, 0x04, 0x20, 0xfe, 0x84, 0x1f, 0x00,
	0x00, 0x01, 0x00, 0x40, 0xff, 0x80, 0x0f, 0x01, 0x80, 0x18, 0x00, 0x60, 0xfe, 0x08, 0x83, 0x81,
	0x10, 0x18, 0x00, 0x42, 0xfe, 0x8c, 0x0f, 0x00, 0x90, 0x18, 0xa4, 0x0f, 0xfe, 0xa4, 0x0f, 0x00,
	0x10, 0x18, 0xc0, 0x20, 0xfe, 0x08, 0x00, 0x00, 0x00, 0x0a, 0x00, 0x40, 0x0b, 0xa8, 0x81, 0x01,
	0x00, 0x18, 0x00, 0x60, 0x1d, 0xa4, 0x81, 0x80, 0x00, 0x18, 0x00, 0x60, 0xfe, 0xec, 0x1f, 0x00,
	0x90, 0x18, 0x80, 0x0f, 0xfd, 0xc0, 0x1f, 0x01, 0x7c, 0x84, 0x62, 0x2f, 0xfe, 0x84, 0x8f, 0x01,
	0x10, 0x18, 0x80, 0x40, 0x02, 0xa4, 0x9f, 0x80, 0xfd, 0x88, 0x82, 0x6f, 0x00, 0x00, 0x00, 0xc0,
	0x00, 0x00, 0x70, 0x40, 0x00, 0x00, 0x00, 0x3e, 0x00, 0x00, 0x00, 0x00, 0xfe, 0x8c, 0x1f, 0x00,
	0x00, 0x01, 0x00, 0x00, 0x0a, 0xe4, 0x80, 0x00, 0x10, 0x18, 0x80, 0x2f, 0x07, 0x48, 0x82, 0x01,
	0x00, 0x18, 0x00, 0x40, 0xfe, 0x04, 0x00, 0x00, 0x00, 0x0a, 0x00, 0x60, 0x03, 0x4c, 0x82, 0x81,
	0x00, 0x18, 0x00, 0x60, 0xfe, 0x00, 0x00, 0x00, 0x00, 0x0a, 0x00, 0x00, 0xfe, 0x0c, 0x1f, 0x00,
	0x90, 0x07, 0x00, 0x20, 0x7c, 0xc0, 0x1f, 0x01, 0x80, 0x18, 0x08, 0x40, 0x7d, 0xe0, 0x1f, 0x00,
	0x90, 0x18, 0xa0, 0x60, 0x04, 0x04, 0x81, 0x81, 0x00, 0x18, 0x00, 0x40, 0xfe, 0x88, 0x8f, 0x00,
	0x90, 0x18, 0x60, 0x02, 0x0b, 0xe8, 0x1f, 0x00, 0x90, 0x18, 0xe0, 0x21, 0xfd, 0xc0, 0x1f, 0x00,
	0x7c, 0x8c, 0x62, 0x4f, 0x04, 0xac, 0x9f, 0x00, 0xfd, 0x88, 0x02, 0x60, 0x02, 0xa4, 0x9f, 0x81,
	0xfc, 0x80, 0x22, 0x20, 0x00, 0x00, 0x00, 0xc0, 0x00, 0x00, 0x70, 0x40, 0x00, 0x00, 0x00, 0x3e,
	0x00, 0x00, 0x70, 0x41, 0xfe, 0x8c, 0x1f, 0x00, 0x10, 0x01, 0x00, 0x00, 0xff, 0x80, 0x1f, 0x00,
	0x10, 0x01, 0x40, 0x20, 0xfe, 0x08, 0x00, 0x00, 0x10, 0x0a, 0x00, 0x40, 0x1b, 0x04, 0x81, 0x00,
	0x10, 0x18, 0x80, 0x60, 0x1c, 0xc8, 0x81, 0x81, 0x10, 0x18, 0x20, 0x00, 0x02, 0x04, 0x00, 0x00,
	0x00, 0x0a, 0x08, 0x00, 0x04, 0x2c, 0x00, 0x00, 0x90, 0x18, 0x40, 0x20, 0x03, 0x04, 0x00, 0x01,
	0x03, 0x03, 0x00, 0x40, 0x00, 0x00, 0x00, 0x00, 0x00, 0x0a, 0x00, 0x60, 0x00, 0x08, 0x1f, 0x80,
	0x80, 0x07, 0x00, 0x40, 0xfd, 0xc0, 0x9f, 0x01, 0x00, 0x8c, 0x62, 0x0f, 0xfd, 0xc0, 0x1f, 0x00,
	0x01, 0x84, 0x62, 0x2f, 0xff, 0x20, 0x80, 0x01, 0x00, 0x18, 0x00, 0x40, 0xfe, 0x08, 0x1f, 0x00,
	0x80, 0x07, 0x00, 0x60, 0x02, 0xe8, 0x1f, 0x80, 0x00, 0x18, 0x00, 0x60, 0x00, 0x00, 0x00, 0xc0,
	0x00, 0x00, 0x00, 0x00, 0xfe, 0x00, 0x00, 0x00, 0x00, 0x0a, 0x00, 0x00, 0xfe, 0xcc, 0x01, 0x00,
	0x00, 0x18, 0x00, 0x20, 0xfe, 0xa8, 0x80, 0x00, 0x00, 0x18, 0x00, 0x40, 0xfe, 0x04, 0x00, 0x00,
	0x00, 0x0a, 0x00, 0x60, 0xff, 0x80, 0x83, 0x81, 0x10, 0x18, 0x20, 0x00, 0xfe, 0x44, 0x80, 0x01,
	0x10, 0x18, 0x60, 0x00, 0xfe, 0x0c, 0x1f, 0x00, 0x90, 0x07, 0x80, 0x2f, 0xfe, 0x00, 0x1f, 0x00,
	0x80, 0x07, 0x00, 0x40, 0x07, 0xc0, 0x1f, 0x01, 0x10, 0x18, 0x00, 0x60, 0x05, 0x00, 0x81, 0x80,
	0x10, 0x18, 0x60, 0x20, 0x1f, 0xc0, 0x9f, 0x00, 0x10, 0x18, 0x08, 0x00, 0x0f, 0xc0, 0x1f, 0x01,
	0x00, 0x18, 0x00, 0x20, 0xfe, 0x00, 0x80, 0x00, 0x00, 0x18, 0x04, 0x40, 0xfe, 0x6c, 0x82, 0x00,
	0x00, 0x18, 0x00, 0x60, 0x0c, 0xc8, 0x9f, 0x80, 0x80, 0x18, 0x00, 0x40, 0xfe, 0x88, 0x00, 0x00,
	0x10, 0x18, 0x8c, 0x00, 0xfe, 0x0c, 0x02, 0x00, 0x10, 0x18, 0x24, 0x20, 0xfe, 0x24, 0x01, 0x00,
	0x10, 0x18, 0xa0, 0x4f, 0xff, 0x60, 0x81, 0x01, 0x80, 0x18, 0x04, 0x60, 0x04, 0x08, 0x83, 0x81,
	0x10, 0x18, 0x80, 0x60, 0x00, 0x60, 0x03, 0x00, 0x00, 0x18, 0x00, 0x00, 0x05, 0xc8, 0x9f, 0x01,
	0x10, 0x18, 0x00, 0x20, 0xfe, 0x28, 0x81, 0x00, 0x10, 0x18, 0x64, 0x40, 0xfe, 0xe0, 0x80, 0x01,
	0x10, 0x18, 0x20, 0x60, 0x0f, 0xec, 0x80, 0x80, 0x10, 0x18, 0xc0, 0x01, 0x01, 0xc4, 0x81, 0x00,
	0x10, 0x18, 0xe0, 0x00, 0x08, 0x48, 0x82, 0x01, 0x10, 0x18, 0xa4, 0x20, 0xfe, 0x80, 0x83, 0x01,
	0x10, 0x18, 0x00, 0x40, 0x0c, 0xac, 0x01, 0x01, 0x00, 0x18, 0x00, 0x60, 0x0a, 0x40, 0x02, 0x80,
	0x00, 0x18, 0x00, 0x20, 0x0c, 0x44, 0x81, 0x01, 0x00, 0x18, 0x04, 0x00, 0x0a, 0x00, 0x03, 0x01,
	0x00, 0x18, 0x0c, 0x20, 0xfe, 0xec, 0x1f, 0x00, 0x10, 0x18, 0x60, 0x41, 0x1d, 0x00, 0x81, 0x01,
	0x10, 0x18, 0xe0, 0x60, 0x04, 0x08, 0x1f, 0x80, 0xfd, 0x80, 0x63, 0x2f, 0x00, 0x00, 0xc0, 0x40,
	0x00, 0x00, 0x00, 0x00, 0x11, 0xe0, 0x1f, 0x00, 0xfd, 0x80, 0x63, 0x0f, 0x05, 0x88, 0x01, 0x01,
	0x00, 0x18, 0x00, 0x20, 0x0c, 0x04, 0x82, 0x01, 0x00, 0x18, 0x04, 0x40, 0xfe, 0xc4, 0x1f, 0x00,
	0x10, 0x18, 0xc0, 0x6f, 0x1e, 0xc0, 0x81, 0x81, 0x10, 0x18, 0xa0, 0x6f, 0x00, 0x00, 0x80, 0x40,
	0x00, 0x00, 0x00, 0x00, 0xfe, 0xc8, 0x9f, 0x00, 0x10, 0x18, 0x80, 0x0f, 0x06, 0x04, 0x83, 0x01,
	0x10, 0x18, 0xe0, 0x2f, 0x0e, 0x2c, 0x1f, 0x00, 0xfd, 0x80, 0x63, 0x4f, 0x0f, 0xc0, 0x1f, 0x00,
	0xfd, 0x84, 0x63, 0x6f, 0x1b, 0x48, 0x01, 0x81, 0x10, 0x18, 0xa0, 0x0f, 0x00, 0x00, 0xe0, 0x40,
	0x00, 0x00, 0x00, 0x41, 0x0c, 0xcc, 0x82, 0x00, 0x00, 0x18, 0x04, 0x00, 0x0d, 0xc0, 0x9f, 0x01,
	0xfd, 0x80, 0x63, 0x2f, 0x08, 0xa4, 0x9f, 0x00, 0xfe, 0x88, 0x63, 0x4f, 0x05, 0x88, 0x8f, 0x00,
	0x00, 0x18, 0x00, 0x60, 0x7d, 0x48, 0x00, 0x80, 0x10, 0x18, 0xc0, 0x2f, 0x00, 0x00, 0x00, 0x40,
	0x00, 0x00, 0x40, 0x40, 0x06, 0xc8, 0x9f, 0x00, 0xfd, 0x80, 0x63, 0x0f, 0xfe, 0xcc, 0x1f, 0x00,
	0x10, 0x18, 0x80, 0x2f, 0x0d, 0x24, 0x1f, 0x00, 0xfd, 0x80, 0x63, 0x4f, 0x7c, 0x00, 0x1f, 0x00,
	0xfe, 0x88, 0x83, 0x6f, 0x06, 0xec, 0x01, 0x81, 0x10, 0x18, 0x80, 0x4f, 0x00, 0x00, 0xa0, 0x40,
	0x00, 0x00, 0x00, 0x00, 0x1c, 0x04, 0x81, 0x00, 0x00, 0x18, 0x00, 0x00, 0x0e, 0xa8, 0x02, 0x00,
	0x10, 0x18, 0xa0, 0x2f, 0x05, 0xc0, 0x1f, 0x00, 0xfd, 0x80, 0xa3, 0x40, 0x0e, 0xcc, 0x1f, 0x01,
	0xfd, 0x84, 0x63, 0x6f, 0x01, 0x24, 0x03, 0x81, 0x10, 0x18, 0xe0, 0x20, 0x00, 0x00, 0x40, 0x40,
	0x00, 0x00, 0xe0, 0x40, 0x7c, 0x04, 0x1f, 0x00, 0xfe, 0x8c, 0x83, 0x0f, 0x7d, 0xcc, 0x1f, 0x00,
	0x80, 0x18, 0x00, 0x20, 0x00, 0x80, 0x01, 0x00, 0x00, 0x18, 0x00, 0x40, 0x06, 0x48, 0x01, 0x01,
	0x00, 0x18, 0x00, 0x60, 0x08, 0xa4, 0x1f, 0x80, 0xfd, 0x84, 0x63, 0x0f, 0x00, 0x00, 0x40, 0x40,
	0x00, 0x00, 0xe0, 0x40, 0x00, 0xc4, 0x9f, 0x01, 0x90, 0x18, 0x20, 0x01, 0x0d, 0xec, 0x1f, 0x00,
	0xfd, 0x80, 0x63, 0x2f, 0x7d, 0xc0, 0x1f, 0x01, 0x90, 0x18, 0x80, 0x4f, 0xfe, 0x84, 0x0f, 0x01,
	0x80, 0x18, 0x00, 0x60, 0x00, 0xc4, 0x81, 0x81, 0x00, 0x18, 0x00, 0x00, 0x00, 0x00, 0xa0, 0x40,
	0x00, 0x00, 0x00, 0x00, 0x7e, 0x0c, 0x1f, 0x00, 0xfe, 0x84, 0x6b, 0x0f, 0xfe, 0xac, 0x8f, 0x00,
	0x90, 0x18, 0x64, 0x20, 0xff, 0x60, 0x80, 0x00, 0x90, 0x18, 0x80, 0x40, 0x7c, 0xac, 0x1f, 0x00,
	0x00, 0x01, 0x00, 0x60, 0x11, 0xa0, 0x02, 0x80, 0x10, 0x18, 0x00, 0x20, 0x00, 0x00, 0x10, 0x41,
	0x00, 0x00, 0x00, 0x00, 0x7c, 0xa0, 0x1f, 0x00, 0x00, 0x01, 0x00, 0x00, 0x0e, 0xc8, 0x9f, 0x01,
	0xfd, 0x84, 0x6b, 0x2f, 0xfe, 0xa0, 0x1f, 0x00, 0x10, 0x01, 0x40, 0x41, 0x7c, 0xe8, 0x8f, 0x00,
	0x80, 0x18, 0x00, 0x60, 0x00, 0x88, 0x01, 0x80, 0x00, 0x18, 0x00, 0x00, 0x00, 0x00, 0x10, 0x41,
	0x00, 0x00, 0x10, 0x42, 0x06, 0xcc, 0x9f, 0x00, 0xfd, 0x80, 0x6b, 0x0f, 0x1a, 0xec, 0x1f, 0x00,
	0x80, 0x18, 0x00, 0x20, 0xfe, 0xcc, 0x8f, 0x00, 0x90, 0x18, 0xc0, 0x40, 0x7d, 0xc8, 0x1f, 0x00,
	0xfd, 0x84, 0x63, 0x6f, 0x03, 0x08, 0x1f, 0x80, 0xfd, 0x88, 0x63, 0x4f, 0x00, 0x00, 0x90, 0x41,
	0x00, 0x00, 0x90, 0x42, 0x00, 0x00, 0x00, 0x41, 0x00, 0x00, 0x00, 0x00, 0x03, 0xec, 0x1f, 0x00,
	0xfd, 0x80, 0xa3, 0x00, 0x1c, 0xc4, 0x1f, 0x00, 0xfd, 0x84, 0xcb, 0x20, 0x06, 0xc4, 0x9f, 0x01,
	0xfd, 0x88, 0x83, 0x41, 0xfe, 0x04, 0x02, 0x01, 0x90, 0x18, 0x40, 0x60, 0x01, 0x0c, 0x1f, 0x80,
	0xfd, 0x8c, 0x63, 0x60, 0x00, 0x00, 0x80, 0x40, 0x00, 0x00, 0xd8, 0x41, 0x00, 0x00, 0x58, 0x42,
	0x00, 0x00, 0x00, 0x41, 0x01, 0xa8, 0x00, 0x00, 0xfd, 0x80, 0x67, 0x0f, 0x0a, 0x64, 0x80, 0x01,
	0xfd, 0x84, 0x63, 0x2f, 0x1e, 0xc0, 0x80, 0x00, 0xfd, 0x88, 0x6b, 0x4f, 0x00, 0x80, 0x01, 0x01,
	0xfd, 0x8c, 0x63, 0x6f, 0x01, 0x6c, 0x81, 0x80, 0x10, 0x18, 0x80, 0x2f, 0x00, 0x00, 0xc0, 0x40,
	0x00, 0x00, 0x00, 0x40, 0x00, 0x00, 0x10, 0x41, 0x00, 0x00, 0x7c, 0x42, 0x03, 0xc4, 0x1f, 0x01,
	0xfd, 0x80, 0xc3, 0x0f, 0x06, 0xc0, 0x1f, 0x00, 0xfd, 0x84, 0x63, 0x2f, 0x1b, 0xc8, 0x9f, 0x01,
	0xfd, 0x88, 0x83, 0x4f, 0x00, 0xcc, 0x9f, 0x00, 0xfd, 0x8c, 0x63, 0x6f, 0x0d, 0xe0, 0x01, 0x81,
	0x00, 0x18, 0x00, 0x60, 0x00, 0x00, 0x7c, 0x42, 0x00, 0x00, 0x00, 0x40, 0x00, 0x00, 0x34, 0x42,
	0x00, 0x00, 0xc0, 0x40, 0x07, 0xc8, 0x9f, 0x01, 0xfd, 0x80, 0x73, 0x0f, 0x04, 0xe8, 0x1f, 0x00,
	0x80, 0x18, 0x08, 0x20, 0x00, 0xc8, 0x9f, 0x00, 0xfd, 0x84, 0x63, 0x4f, 0x0f, 0x40, 0x00, 0x00,
	0x00, 0x18, 0x00, 0x60, 0x07, 0x00, 0x1f, 0x80, 0xfd, 0x88, 0x83, 0x0f, 0x00, 0x00, 0x80, 0x40,
	0x00, 0x00, 0xe0, 0x40, 0x00, 0x00, 0xc0, 0x40, 0x00, 0x00, 0x00, 0x00, 0x1b, 0xcc, 0x1f, 0x01,
	0xfd, 0x80, 0xa3, 0x0f, 0x04, 0xc4, 0x1f, 0x00, 0xfd, 0x84, 0x63, 0x2f, 0xfe, 0x04, 0x80, 0x00,
	0x90, 0x18, 0x80, 0x4f, 0x06, 0x88, 0x0f, 0x01, 0xfd, 0x88, 0x83, 0x6f, 0x09, 0xc0, 0x9f, 0x81,
	0x80, 0x18, 0x00, 0x40, 0x00, 0x00, 0x40, 0x40, 0x00, 0x00, 0xe0, 0x40, 0x00, 0x00, 0x10, 0x41,
	0x00, 0x00, 0x00, 0x00, 0x1d, 0xc4, 0x9f, 0x00, 0xf9, 0x80, 0x83, 0x0f, 0xff, 0x80, 0x80, 0x01,
	0x80, 0x18, 0x00, 0x20, 0x09, 0x88, 0x0f, 0x00, 0xfd, 0x80, 0x63, 0x4f, 0x04, 0x40, 0x01, 0x01,
	0xfd, 0x84, 0x63, 0x6f, 0x04, 0x60, 0x81, 0x80, 0x10, 0x18, 0xa0, 0x6f, 0x00, 0x00, 0x00, 0x40,
	0x00, 0x00, 0x90, 0x42, 0x01, 0xc4, 0x9f, 0x01, 0xfd, 0x80, 0x63, 0x0f, 0x03, 0x48, 0x00, 0x00,
	0x00, 0x18, 0x00, 0x20, 0x03, 0xc0, 0x1f, 0x01, 0xfd, 0x84, 0x63, 0x4f, 0xfe, 0xa4, 0x00, 0x01,
	0xf9, 0x80, 0x63, 0x6f, 0x1c, 0xa0, 0x81, 0x81, 0x10, 0x18, 0xa0, 0x4f, 0x00, 0x00, 0x58, 0x42,
	0x00, 0x00, 0x00, 0x41, 0x7c, 0xc8, 0x9f, 0x01, 0xfd, 0x80, 0x63, 0x0f, 0x02, 0xcc, 0x9f, 0x00,
	0x80, 0x18, 0x00, 0x20, 0x1d, 0xc0, 0x1f, 0x00, 0xfd, 0x84, 0x6b, 0x4f, 0x08, 0xc0, 0x1f, 0x01,
	0xfd, 0x88, 0x63, 0x6f, 0x00, 0x2c, 0x03, 0x81, 0x00, 0x18, 0x00, 0x60, 0x00, 0x00, 0xe0, 0x40,
	0x00, 0x00, 0x7c, 0x42, 0x00, 0x00, 0x80, 0x40, 0x00, 0x00, 0x00, 0x00, 0xfe, 0xa4, 0x0f, 0x00,
	0xf9, 0x80, 0x63, 0x0f, 0x0f, 0xe4, 0x1f, 0x00, 0x80, 0x18, 0x00, 0x20, 0x01, 0xc0, 0x9f, 0x01,
	0xfd, 0x80, 0x63, 0x4f, 0xfe, 0x80, 0x8f, 0x01, 0x00, 0x00, 0x00, 0x60, 0x02, 0xc8, 0x1f, 0x81,
	0xfd, 0x84, 0xc3, 0x4f, 0x00, 0x00, 0xa0, 0x40, 0x00, 0x00, 0x34, 0x42, 0x1c, 0xc8, 0x1f, 0x01,
	0xf9, 0x80, 0xa3, 0x0f, 0x05, 0xcc, 0x1f, 0x00, 0xfd, 0x80, 0x03, 0x20, 0xfe, 0x84, 0x8f, 0x00,
	0x80, 0x18, 0x00, 0x40, 0xfe, 0xac, 0x9f, 0x00, 0x10, 0x01, 0xc0, 0x60, 0x07, 0x20, 0x03, 0x81,
	0x10, 0x18, 0xe0, 0x4f, 0x00, 0x00, 0xa0, 0x40, 0xcd, 0xcc, 0x4c, 0x3c, 0x09, 0xe8, 0x01, 0x01,
	0x10, 0x18, 0x80, 0x0f, 0xfe, 0x88, 0x0f, 0x00, 0xfd, 0x80, 0x67, 0x2f, 0x08, 0xa0, 0x02, 0x00,
	0x00, 0x18, 0x00, 0x40, 0x0d, 0xac, 0x1f, 0x80, 0xfd, 0x84, 0x63, 0x6f, 0x00, 0x00, 0x40, 0x40,
	0x00, 0x00, 0xa0, 0x40, 0x0d, 0x24, 0x1f, 0x00, 0xfe, 0x8c, 0x6b, 0x0f, 0x02, 0x68, 0x01, 0x00,
	0x00, 0x18, 0x00, 0x20, 0x13, 0xc0, 0x9f, 0x00, 0xfd, 0x80, 0x83, 0x4f, 0x02, 0xc4, 0x1f, 0x01,
	0x80, 0x18, 0x00, 0x60, 0x1a, 0xa8, 0x81, 0x80, 0x00, 0x18, 0x00, 0x20, 0x00, 0x00, 0xa0, 0x40,
	0x00, 0x00, 0x00, 0x00, 0x0b, 0x08, 0x1f, 0x00, 0xfe, 0x80, 0x63, 0x0f, 0xfe, 0x8c, 0x0f, 0x00,
	0x90, 0x18, 0x80, 0x2f, 0xfe, 0xe4, 0x80, 0x01, 0x80, 0x18, 0x00, 0x40, 0xff, 0xa0, 0x0f, 0x81,
	0x80, 0x18, 0x00, 0x60, 0xfe, 0xa0, 0x1f, 0x00, 0x00, 0x01, 0x00, 0x00, 0xfe, 0xcc, 0x01, 0x00,
	0x80, 0x18, 0x00, 0x20, 0xfe, 0xe8, 0x80, 0x00, 0x80, 0x18, 0x04, 0x40, 0x03, 0x60, 0x81, 0x80,
	0x10, 0x18, 0x80, 0x6f, 0x00, 0x00, 0x10, 0x41, 0x00, 0x00, 0x00, 0x00, 0xfe, 0xa8, 0x8f, 0x01,
	0x80, 0x18, 0x00, 0x00, 0x01, 0x60, 0x01, 0x00, 0x00, 0x18, 0x00, 0x20, 0x08, 0xc8, 0x1f, 0x00,
	0xfd, 0x80, 0x63, 0x4f, 0xfe, 0xa4, 0x80, 0x80, 0x90, 0x18, 0xa0, 0x6f, 0x00, 0x00, 0x10, 0x42,
	0x00, 0x00, 0x00, 0x00, 0x0f, 0xcc, 0x1f, 0x01, 0xfd, 0x80, 0x63, 0x0f, 0xfe, 0xc0, 0x0f, 0x01,
	0xfd, 0x84, 0x63, 0x2f, 0x1b, 0xc4, 0x9f, 0x80, 0x80, 0x18, 0x00, 0x60, 0x00, 0x00, 0x90, 0x41,
	0x00, 0x00, 0xd8, 0x41, 0x1c, 0xc0, 0x1f, 0x00, 0xfd, 0x80, 0x63, 0x0f, 0xfe, 0x8c, 0x8f, 0x01,
	0x80, 0x18, 0x00, 0x20, 0x7c, 0xc8, 0x9f, 0x80, 0x00, 0x00, 0x00, 0x40, 0x00, 0x00, 0xd8, 0x41,
	0x00, 0x00, 0x00, 0x00, 0xfe, 0xa8, 0x1f, 0x00, 0x10, 0x01, 0xc0, 0x00, 0x1a, 0xc8, 0x1f, 0x00,
	0xfd, 0x84, 0x63, 0x2f, 0xfe, 0xe4, 0x0f, 0x81, 0x80, 0x18, 0x00, 0x60, 0xcd, 0xcc, 0x4c, 0x3c,
	0x00, 0x00, 0x10, 0x41, 0x7d, 0xcc, 0x9f, 0x00, 0xfd, 0x80, 0x63, 0x0f, 0xfe, 0xac, 0x0f, 0x80,
	0xfd, 0x84, 0x63, 0x4f, 0x00, 0x00, 0x34, 0x42, 0x00, 0x00, 0x40, 0x40, 0x00, 0xc4, 0x1f, 0x00,
	0x00, 0x00, 0x08, 0x00, 0x7c, 0xc4, 0x1f, 0x81, 0xfd, 0x80, 0x63, 0x6f, 0x00, 0x00, 0xe0, 0x40,
	0x00, 0x00, 0x00, 0x00, 0xfe, 0xa0, 0x1f, 0x00, 0x10, 0x01, 0xc0, 0x20, 0xfe, 0xcc, 0x0f, 0x80,
	0x00, 0x00, 0x00, 0x40, 0xcd, 0xcc, 0x4c, 0x3c, 0x00, 0x00, 0x00, 0x00, 0xfe, 0xa8, 0x1f, 0x80,
	0x10, 0x01, 0xc0, 0x40, 0xcd, 0xcc, 0x4c, 0x3c, 0x00, 0x00, 0x00, 0x00, 0x42, 0x4c, 0x4b, 0x7b,
	0x00, 0x00, 0x00, 0x20, 0x00, 0x00, 0x00, 0x01, 0x00, 0x00, 0x00, 0x00, 0x00, 0x00, 0x00, 0x01,
	0x00, 0x00, 0x00, 0x00, 0x00, 0x00, 0x00, 0x04, 0x00, 0x00, 0x00, 0x00,
};

alignas(64) static const uint8_t pass4[1884] = {
	0x47, 0x66, 0x78, 0x32, 0x00, 0x00, 0x00, 0x20, 0x00, 0x00, 0x00, 0x07, 0x00, 0x00, 0x00, 0x01,
	0x00, 0x00, 0x00, 0x02, 0x00, 0x00, 0x00, 0x00, 0x00, 0x00, 0x00, 0x00, 0x00, 0x00, 0x00, 0x00,
	0x42, 0x4c, 0x4b, 0x7b, 0x00, 0x00, 0x00, 0x20, 0x00, 0x00, 0x00, 0x01, 0x00, 0x00, 0x00, 0x00,
	0x00, 0x00, 0x00, 0x03, 0x00, 0x00, 0x01, 0xa0, 0x00, 0x00, 0x00, 0x00, 0x00, 0x00, 0x00, 0x00,
	0x00, 0x00, 0x01, 0x03, 0x00, 0x00, 0x00, 0x00, 0x00, 0x00, 0x00, 0x00, 0x00, 0x00, 0x00, 0x01,
	0xff, 0xff, 0xff, 0x8a, 0xff, 0xff, 0xff, 0xff, 0xff, 0xff, 0xff, 0xff, 0xff, 0xff, 0xff, 0xff,
	0xff, 0xff, 0xff, 0xff, 0xff, 0xff, 0xff, 0xff, 0xff, 0xff, 0xff, 0xff, 0xff, 0xff, 0xff, 0xff,
	0xff, 0xff, 0xff, 0xff, 0xff, 0xff, 0xff, 0xff, 0x00, 0x00, 0x00, 0x00, 0xff, 0xff, 0xff, 0xff,
	0x00, 0x00, 0x00, 0x02, 0x00, 0x00, 0x00, 0x00, 0x00, 0x00, 0x00, 0x01, 0x00, 0x00, 0x00, 0xff,
	0x00, 0x00, 0x00, 0xff, 0x00, 0x00, 0x00, 0xff, 0x00, 0x00, 0x00, 0xff, 0x00, 0x00, 0x00, 0xff,
	0x00, 0x00, 0x00, 0xff, 0x00, 0x00, 0x00, 0xff, 0x00, 0x00, 0x00, 0xff, 0x00, 0x00, 0x00, 0xff,
	0x00, 0x00, 0x00, 0xff, 0x00, 0x00, 0x00, 0xff, 0x00, 0x00, 0x00, 0xff, 0x00, 0x00, 0x00, 0xff,
	0x00, 0x00, 0x00, 0xff, 0x00, 0x00, 0x00, 0xff, 0x00, 0x00, 0x00, 0xff, 0x00, 0x00, 0x00, 0xff,
	0x00, 0x00, 0x00, 0xff, 0x00, 0x00, 0x00, 0xff, 0x00, 0x00, 0x00, 0xff, 0x00, 0x00, 0x00, 0xff,
	0x00, 0x00, 0x00, 0xff, 0x00, 0x00, 0x00, 0xff, 0x00, 0x00, 0x00, 0xff, 0x00, 0x00, 0x00, 0xff,
	0x00, 0x00, 0x00, 0xff, 0x00, 0x00, 0x00, 0xff, 0x00, 0x00, 0x00, 0xff, 0x00, 0x00, 0x00, 0xff,
	0x00, 0x00, 0x00, 0xff, 0x00, 0x00, 0x00, 0x00, 0x00, 0x00, 0x00, 0x0e, 0x00, 0x00, 0x00, 0x10,
	0x00, 0x00, 0x00, 0x18, 0x00, 0x00, 0x00, 0x00, 0x00, 0x00, 0x00, 0x00, 0x00, 0x00, 0x00, 0x00,
	0x00, 0x00, 0x00, 0x00, 0x00, 0x00, 0x00, 0x00, 0x00, 0x00, 0x00, 0x00, 0x00, 0x00, 0x00, 0x00,
	0x00, 0x00, 0x00, 0x00, 0x00, 0x00, 0x00, 0x01, 0xd0, 0x60, 0x01, 0x34, 0x00, 0x00, 0x00, 0x00,
	0x00, 0x00, 0x00, 0x00, 0x00, 0x00, 0x00, 0x02, 0xd0, 0x60, 0x01, 0x3c, 0x00, 0x00, 0x00, 0x00,
	0x00, 0x00, 0x00, 0x00, 0x00, 0x00, 0x00, 0x00, 0x00, 0x00, 0x00, 0x00, 0x00, 0x00, 0x00, 0x00,
	0x00, 0x00, 0x00, 0x00, 0x00, 0x00, 0x00, 0x00, 0x00, 0x00, 0x00, 0x00, 0x00, 0x00, 0x00, 0x00,
	0x00, 0x00, 0x00, 0x00, 0x00, 0x00, 0x00, 0x00, 0x01, 0x00, 0x0f, 0xff, 0xca, 0x70, 0x01, 0x5c,
	0x00, 0x00, 0x00, 0x09, 0x00, 0x00, 0x00, 0x00, 0x00, 0x00, 0x00, 0x00, 0xca, 0x70, 0x01, 0x64,
	0x00, 0x00, 0x00, 0x09, 0x00, 0x00, 0x00, 0x00, 0x00, 0x00, 0x00, 0x01, 0x61, 0x50, 0x6f, 0x73,
	0x00, 0x00, 0x00, 0x00, 0x61, 0x55, 0x56, 0x00, 0xd0, 0x60, 0x00, 0xf8, 0xd0, 0x60, 0x01, 0x08,
	0xca, 0x70, 0x01, 0x3c, 0xca, 0x70, 0x01, 0x4c, 0x7d, 0x42, 0x4c, 0x4b, 0x00, 0x00, 0x00, 0x28,
	0x00, 0x00, 0x00, 0x00, 0x00, 0x00, 0x01, 0x68, 0xd0, 0x60, 0x00, 0x00, 0x00, 0x00, 0x00, 0x0c,
	0xd0, 0x60, 0x01, 0x5c, 0x00, 0x00, 0x00, 0x00, 0x00, 0x00, 0x00, 0x04, 0xd0, 0x60, 0x01, 0x68,
	0x42, 0x4c, 0x4b, 0x7b, 0x00, 0x00, 0x00, 0x20, 0x00, 0x00, 0x00, 0x01, 0x00, 0x00, 0x00, 0x00,
	0x00, 0x00, 0x00, 0x05, 0x00, 0x00, 0x00, 0x18, 0x00, 0x00, 0x00, 0x01, 0x00, 0x00, 0x00, 0x00,
	0x00, 0x00, 0x00, 0x00, 0x00, 0x00, 0x80, 0x89, 0x00, 0x40, 0x01, 0xc0, 0xc8, 0x0f, 0x00, 0x94,
	0x3c, 0xa0, 0x00, 0xc0, 0x08, 0x0b, 0x20, 0x94, 0x42, 0x4c, 0x4b, 0x7b, 0x00, 0x00, 0x00, 0x20,
	0x00, 0x00, 0x00, 0x01, 0x00, 0x00, 0x00, 0x00, 0x00, 0x00, 0x00, 0x06, 0x00, 0x00, 0x01, 0x74,
	0x00, 0x00, 0x00, 0x02, 0x00, 0x00, 0x00, 0x00, 0x00, 0x20, 0x00, 0x04, 0x00, 0x00, 0x00, 0x02,
	0x10, 0x00, 0x00, 0x01, 0x00, 0x00, 0x00, 0x00, 0x00, 0x00, 0x00, 0x01, 0x00, 0x00, 0x00, 0x8a,
	0x00, 0x00, 0x00, 0x00, 0x00, 0x00, 0x00, 0x00, 0x00, 0x00, 0x00, 0x00, 0x00, 0x00, 0x00, 0x00,
	0x00, 0x00, 0x00, 0x00, 0x00, 0x00, 0x00, 0x00, 0x00, 0x00, 0x00, 0x00, 0x00, 0x00, 0x00, 0x00,
	0x00, 0x00, 0x00, 0x00, 0x00, 0x00, 0x00, 0x00, 0x00, 0x00, 0x00, 0x00, 0x00, 0x00, 0x00, 0x00,
	0x00, 0x00, 0x00, 0x00, 0x00, 0x00, 0x00, 0x00, 0x00, 0x00, 0x00, 0x00, 0x00, 0x00, 0x00, 0x00,
	0x00, 0x00, 0x00, 0x00, 0x00, 0x00, 0x00, 0x00, 0x00, 0x00, 0x00, 0x00, 0x00, 0x00, 0x00, 0x00,
	0x00, 0x00, 0x00, 0x00, 0x00, 0x00, 0x00, 0x00, 0x00, 0x00, 0x00, 0x00, 0x00, 0x00, 0x00, 0x00,
	0x00, 0x00, 0x00, 0x00, 0x00, 0x00, 0x00, 0x00, 0x00, 0x00, 0x00, 0x00, 0x00, 0x00, 0x00, 0x00,
	0x00, 0x00, 0x00, 0x00, 0x00, 0x00, 0x00, 0x00, 0x00, 0x00, 0x00, 0x00, 0x00, 0x00, 0x00, 0x0f,
	0x00, 0x00, 0x00, 0x01, 0x00, 0x00, 0x00, 0x10, 0x00, 0x00, 0x00, 0x00, 0x00, 0x00, 0x03, 0x70,
	0x00, 0x00, 0x00, 0x00, 0x00, 0x00, 0x00, 0x00, 0x00, 0x00, 0x00, 0x00, 0x00, 0x00, 0x00, 0x00,
	0x00, 0x00, 0x00, 0x01, 0xd0, 0x60, 0x00, 0xe8, 0x00, 0x00, 0x00, 0x00, 0x00, 0x00, 0x00, 0x00,
	0x00, 0x00, 0x00, 0x01, 0xd0, 0x60, 0x00, 0xfc, 0x00, 0x00, 0x00, 0x02, 0xd0, 0x60, 0x01, 0x04,
	0x00, 0x00, 0x00, 0x00, 0x00, 0x00, 0x00, 0x00, 0x00, 0x00, 0x00, 0x00, 0x00, 0x00, 0x00, 0x00,
	0xca, 0x70, 0x01, 0x1c, 0x00, 0x00, 0x00, 0x0b, 0x00, 0x00, 0x00, 0x01, 0x00, 0x00, 0x00, 0x00,
	0xff, 0xff, 0xff, 0xff, 0x00, 0x00, 0x00, 0x00, 0x01, 0x00, 0x0f, 0xff, 0xca, 0x70, 0x01, 0x24,
	0x00, 0x00, 0x00, 0x01, 0x00, 0x00, 0x00, 0x00, 0xca, 0x70, 0x01, 0x2c, 0x00, 0x00, 0x00, 0x01,
	0x00, 0x00, 0x00, 0x01, 0x75, 0x53, 0x69, 0x7a, 0x65, 0x00, 0x00, 0x00, 0x75, 0x54, 0x65, 0x78,
	0x30, 0x00, 0x00, 0x00, 0x75, 0x54, 0x65, 0x78, 0x31, 0x00, 0x00, 0x00, 0xd0, 0x60, 0x00, 0xbc,
	0xd0, 0x60, 0x00, 0xcc, 0xd0, 0x60, 0x00, 0xd4, 0xca, 0x70, 0x00, 0xe8, 0xca, 0x70, 0x01, 0x04,
	0xca, 0x70, 0x01, 0x10, 0x7d, 0x42, 0x4c, 0x4b, 0x00, 0x00, 0x00, 0x28, 0x00, 0x00, 0x00, 0x00,
	0x00, 0x00, 0x01, 0x34, 0xd0, 0x60, 0x00, 0x00, 0x00, 0x00, 0x00, 0x18, 0xd0, 0x60, 0x01, 0x1c,
	0x00, 0x00, 0x00, 0x00, 0x00, 0x00, 0x00, 0x06, 0xd0, 0x60, 0x01, 0x34, 0x42, 0x4c, 0x4b, 0x7b,
	0x00, 0x00, 0x00, 0x20, 0x00, 0x00, 0x00, 0x01, 0x00, 0x00, 0x00, 0x00, 0x00, 0x00, 0x00, 0x07,
	0x00, 0x00, 0x03, 0x70, 0x00, 0x00, 0x00, 0x03, 0x00, 0x00, 0x00, 0x00, 0x05, 0x00, 0x00, 0x00,
	0x00, 0x00, 0x30, 0xa0, 0x12, 0x00, 0x00, 0x00, 0x00, 0x00, 0x80, 0x80, 0x14, 0x00, 0x00, 0x00,
	0x00, 0x00, 0x5c, 0xa1, 0x6c, 0x00, 0x00, 0x00, 0x00, 0x00, 0x80, 0x80, 0x00, 0x80, 0x00, 0xc0,
	0x88, 0x0a, 0x20, 0x94, 0x00, 0x00, 0x20, 0x01, 0x00, 0x01, 0x00, 0x00, 0x00, 0x04, 0xa0, 0x81,
	0x00, 0x01, 0x00, 0x20, 0xfe, 0x00, 0x00, 0x00, 0x00, 0x08, 0x00, 0x40, 0xfe, 0x04, 0x00, 0x80,
	0x00, 0x08, 0x00, 0x60, 0xfd, 0xc0, 0x1f, 0x01, 0x00, 0x01, 0x00, 0x00, 0xfd, 0xc0, 0x9f, 0x81,
	0x00, 0x01, 0x00, 0x20, 0x00, 0x00, 0x40, 0x40, 0x00, 0x00, 0x00, 0x00, 0xfe, 0x00, 0x00, 0x00,
	0x00, 0x0a, 0x00, 0x40, 0xfe, 0x04, 0x00, 0x80, 0x00, 0x0a, 0x00, 0x60, 0xfe, 0x0c, 0x1f, 0x00,
	0x10, 0x06, 0x40, 0x00, 0xfe, 0x08, 0x1f, 0x00, 0x10, 0x06, 0x60, 0x20, 0xfe, 0x28, 0x1f, 0x00,
	0x10, 0x06, 0x40, 0x40, 0xfe, 0x2c, 0x1f, 0x80, 0x10, 0x06, 0x40, 0x60, 0x10, 0x00, 0x00, 0x00,
	0x01, 0x10, 0x0d, 0xf0, 0x00, 0x00, 0x80, 0xfc, 0x00, 0x00, 0x00, 0x00, 0x01, 0xa0, 0x1f, 0x00,
	0xfc, 0x80, 0x82, 0x0f, 0x01, 0xa4, 0x1f, 0x00, 0xfc, 0x80, 0x82, 0x2f, 0x01, 0xa8, 0x1f, 0x00,
	0xfc, 0x80, 0x02, 0x40, 0x01, 0xac, 0x1f, 0x00, 0xfc, 0x80, 0x82, 0x6f, 0x01, 0xa0, 0x9f, 0x80,
	0xfd, 0x88, 0xa2, 0x0f, 0x00, 0x00, 0xa0, 0x42, 0xe3, 0x38, 0x0e, 0x41, 0xa4, 0x8d, 0x63, 0x3d,
	0x00, 0x00, 0x00, 0x00, 0xfe, 0xa4, 0x1f, 0x00, 0x00, 0x01, 0x00, 0x00, 0xfe, 0xa0, 0x1f, 0x00,
	0x00, 0x01, 0x00, 0x20, 0xfe, 0xa8, 0x1f, 0x00, 0x00, 0x01, 0x00, 0x40, 0xfe, 0xac, 0x1f, 0x00,
	0x00, 0x01, 0x00, 0x60, 0xff, 0xa0, 0x1f, 0x80, 0x00, 0x01, 0x00, 0x00, 0x39, 0x8e, 0xe3, 0x3d,
	0x00, 0x00, 0x00, 0x00, 0xfe, 0x00, 0x00, 0x00, 0x00, 0x0a, 0x00, 0x00, 0xfe, 0x08, 0x00, 0x00,
	0x00, 0x0a, 0x00, 0x20, 0xfe, 0x04, 0x00, 0x00, 0x00, 0x0a, 0x00, 0x40, 0xfe, 0x0c, 0x00, 0x00,
	0x00, 0x0a, 0x00, 0x60, 0xff, 0x00, 0x00, 0x80, 0x10, 0x0a, 0x40, 0x20, 0xfd, 0xc0, 0x1f, 0x01,
	0x7c, 0x80, 0x62, 0x0f, 0xfd, 0xc0, 0x9f, 0x01, 0x7c, 0x8c, 0x62, 0x2f, 0xfd, 0xc0, 0x9f, 0x00,
	0x00, 0x88, 0x62, 0x4f, 0xfd, 0xc0, 0x1f, 0x80, 0x7c, 0x84, 0x62, 0x6f, 0x00, 0x00, 0x10, 0xc1,
	0x00, 0x00, 0x00, 0x00, 0xfe, 0x00, 0x00, 0x00, 0x10, 0x0a, 0x80, 0x0f, 0xfe, 0x08, 0x00, 0x00,
	0x10, 0x0a, 0xa0, 0x2f, 0xfd, 0x40, 0x80, 0x00, 0x7d, 0x80, 0x62, 0x4f, 0xfe, 0x0c, 0x00, 0x00,
	0x10, 0x0a, 0x00, 0x60, 0xfe, 0x04, 0x00, 0x80, 0x10, 0x0a, 0xc0, 0x2f, 0x00, 0x00, 0x10, 0xc1,
	0x00, 0x00, 0x00, 0x00, 0xfe, 0x08, 0x00, 0x00, 0x00, 0x0a, 0x00, 0x00, 0x01, 0xa4, 0x1f, 0x00,
	0xfd, 0x84, 0x82, 0x2f, 0x01, 0xa8, 0x1f, 0x00, 0xfd, 0x84, 0x82, 0x4f, 0x01, 0xac, 0x1f, 0x80,
	0xfd, 0x84, 0x82, 0x6f, 0xe3, 0x38, 0x0e, 0x41, 0xa4, 0x8d, 0x63, 0x3d, 0xfe, 0xa4, 0x1f, 0x00,
	0x00, 0x01, 0x00, 0x00, 0xfe, 0xac, 0x1f, 0x00, 0x00, 0x01, 0x00, 0x20, 0xfe, 0xa8, 0x1f, 0x00,
	0x00, 0x01, 0x00, 0x40, 0x02, 0x08, 0x80, 0x81, 0xfe, 0x80, 0x63, 0x6f, 0x39, 0x8e, 0xe3, 0x3d,
	0x00, 0x00, 0x00, 0x00, 0x03, 0xc4, 0x9f, 0x01, 0x7c, 0x80, 0x83, 0x0f, 0xfe, 0x00, 0x00, 0x00,
	0x00, 0x0a, 0x00, 0x20, 0xfe, 0x04, 0x00, 0x00, 0x00, 0x0a, 0x00, 0x40, 0xfe, 0x08, 0x00, 0x80,
	0x00, 0x0a, 0x00, 0x60, 0xfd, 0xc0, 0x9f, 0x01, 0x7c, 0x88, 0x62, 0x0f, 0xfd, 0xc0, 0x9f, 0x00,
	0x7c, 0x84, 0x62, 0x2f, 0xfd, 0xc0, 0x1f, 0x81, 0x7c, 0x8c, 0x62, 0x6f, 0x00, 0x00, 0x10, 0xc1,
	0x00, 0x00, 0x00, 0x00, 0xfe, 0x04, 0x00, 0x00, 0x00, 0x0a, 0x00, 0x20, 0xfe, 0x00, 0x00, 0x00,
	0x00, 0x0a, 0x00, 0x40, 0xfe, 0x0c, 0x00, 0x80, 0x10, 0x0a, 0x80, 0x6f, 0x02, 0xa8, 0x8f, 0x00,
	0xfe, 0x88, 0x63, 0x0f, 0x02, 0xc8, 0x9f, 0x80, 0xf8, 0x80, 0x63, 0x4f, 0x03, 0xc4, 0x1f, 0x00,
	0x7e, 0x84, 0x63, 0x2f, 0x03, 0xc4, 0x1f, 0x81, 0x7c, 0x8c, 0x63, 0x6f, 0x02, 0xcc, 0x9f, 0x80,
	0xfe, 0x8c, 0x63, 0x4f, 0x02, 0xc0, 0x1f, 0x81, 0x7c, 0x80, 0xa3, 0x6f, 0xfe, 0x0c, 0x1f, 0x00,
	0x90, 0x07, 0xa0, 0x0f, 0xfe, 0x2c, 0x1f, 0x00, 0x90, 0x07, 0xa0, 0x2f, 0xfe, 0xac, 0x1f, 0x00,
	0x90, 0x07, 0x80, 0x4f, 0xfe, 0xac, 0x9f, 0x00, 0x90, 0x07, 0x80, 0x6f, 0xfe, 0xac, 0x1f, 0x81,
	0x00, 0x06, 0x00, 0x00, 0x00, 0x00, 0x00, 0x40, 0x00, 0x00, 0x40, 0x40, 0x00, 0x00, 0x80, 0x40,
	0x00, 0x00, 0x00, 0x00, 0xff, 0x00, 0x1f, 0x00, 0xfd, 0x80, 0x63, 0x0f, 0x7d, 0xac, 0x9f, 0x00,
	0x90, 0x07, 0x80, 0x2f, 0xfe, 0xc0, 0x9f, 0x00, 0x00, 0x18, 0x00, 0x40, 0xfe, 0xc8, 0x9f, 0x01,
	0x00, 0x18, 0x00, 0x60, 0x7d, 0xac, 0x1f, 0x81, 0x10, 0x06, 0xa0, 0x4f, 0x00, 0x00, 0x00, 0x40,
	0x00, 0x00, 0x80, 0x40, 0x00, 0x00, 0xa0, 0x40, 0x00, 0x00, 0x00, 0x00, 0x7d, 0xac, 0x1f, 0x00,
	0x10, 0x06, 0x20, 0x00, 0x7c, 0x2c, 0x1f, 0x00, 0xfe, 0x80, 0x6b, 0x2f, 0x7d, 0xac, 0x9f, 0x00,
	0x00, 0x06, 0x00, 0x40, 0xfe, 0xc8, 0x9f, 0x81, 0x00, 0x18, 0x00, 0x60, 0x00, 0x00, 0xc0, 0x40,
	0x00, 0x00, 0xe0, 0x40, 0xfe, 0x8c, 0x8f, 0x00, 0x10, 0x18, 0x80, 0x0f, 0xfe, 0xa8, 0x1f, 0x00,
	0xf9, 0x80, 0x63, 0x2f, 0x7c, 0xa8, 0x9f, 0x80, 0xfe, 0x84, 0x63, 0x4f, 0x00, 0x00, 0x00, 0x40,
	0x00, 0x00, 0x00, 0xc0, 0x7d, 0xa4, 0x1f, 0x00, 0xfe, 0x88, 0x63, 0x0f, 0x01, 0xc0, 0x9f, 0x80,
	0xfd, 0x84, 0x63, 0x4f, 0x00, 0x00, 0x80, 0xbf, 0x00, 0x00, 0x00, 0xc0, 0x7d, 0x00, 0x1f, 0x00,
	0xfe, 0x80, 0x63, 0x2f, 0x7d, 0xc8, 0x1f, 0x81, 0xfd, 0x80, 0x63, 0x6f, 0x00, 0x00, 0x80, 0xbf,
	0x00, 0x00, 0x00, 0x00, 0x7c, 0x00, 0x1f, 0x00, 0xfe, 0x8c, 0x63, 0x2f, 0xfe, 0x04, 0x20, 0x80,
	0x00, 0x80, 0x02, 0x40, 0xfe, 0x04, 0xa0, 0x80, 0x00, 0x84, 0x02, 0x00, 0x10, 0x01, 0x00, 0x00,
	0x01, 0x10, 0x1d, 0xf0, 0x00, 0x80, 0x20, 0xfc, 0x00, 0x00, 0x00, 0x00, 0x42, 0x4c, 0x4b, 0x7b,
	0x00, 0x00, 0x00, 0x20, 0x00, 0x00, 0x00, 0x01, 0x00, 0x00, 0x00, 0x00, 0x00, 0x00, 0x00, 0x01,
	0x00, 0x00, 0x00, 0x00, 0x00, 0x00, 0x00, 0x04, 0x00, 0x00, 0x00, 0x00,
};

alignas(64) static const uint8_t smooth[1032] = {
	0x47, 0x66, 0x78, 0x32, 0x00, 0x00, 0x00, 0x20, 0x00, 0x00, 0x00, 0x07, 0x00, 0x00, 0x00, 0x01,
	0x00, 0x00, 0x00, 0x02, 0x00, 0x00, 0x00, 0x00, 0x00, 0x00, 0x00, 0x00, 0x00, 0x00, 0x00, 0x00,
	0x42, 0x4c, 0x4b, 0x7b, 0x00, 0x00, 0x00, 0x20, 0x00, 0x00, 0x00, 0x01, 0x00, 0x00, 0x00, 0x00,
	0x00, 0x00, 0x00, 0x03, 0x00, 0x00, 0x01, 0xc0, 0x00, 0x00, 0x00, 0x00, 0x00, 0x00, 0x00, 0x00,
	0x00, 0x00, 0x01, 0x03, 0x00, 0x00, 0x00, 0x00, 0x00, 0x00, 0x00, 0x00, 0x00, 0x00, 0x00, 0x01,
	0xff, 0xff, 0xff, 0x8a, 0xff, 0xff, 0xff, 0xff, 0xff, 0xff, 0xff, 0xff, 0xff, 0xff, 0xff, 0xff,
	0xff, 0xff, 0xff, 0xff, 0xff, 0xff, 0xff, 0xff, 0xff, 0xff, 0xff, 0xff, 0xff, 0xff, 0xff, 0xff,
	0xff, 0xff, 0xff, 0xff, 0xff, 0xff, 0xff, 0xff, 0x00, 0x00, 0x00, 0x00, 0xff, 0xff, 0xff, 0xff,
	0x00, 0x00, 0x00, 0x02, 0x00, 0x00, 0x00, 0x00, 0x00, 0x00, 0x00, 0x01, 0x00, 0x00, 0x00, 0xff,
	0x00, 0x00, 0x00, 0xff, 0x00, 0x00, 0x00, 0xff, 0x00, 0x00, 0x00, 0xff, 0x00, 0x00, 0x00, 0xff,
	0x00, 0x00, 0x00, 0xff, 0x00, 0x00, 0x00, 0xff, 0x00, 0x00, 0x00, 0xff, 0x00, 0x00, 0x00, 0xff,
	0x00, 0x00, 0x00, 0xff, 0x00, 0x00, 0x00, 0xff, 0x00, 0x00, 0x00, 0xff, 0x00, 0x00, 0x00, 0xff,
	0x00, 0x00, 0x00, 0xff, 0x00, 0x00, 0x00, 0xff, 0x00, 0x00, 0x00, 0xff, 0x00, 0x00, 0x00, 0xff,
	0x00, 0x00, 0x00, 0xff, 0x00, 0x00, 0x00, 0xff, 0x00, 0x00, 0x00, 0xff, 0x00, 0x00, 0x00, 0xff,
	0x00, 0x00, 0x00, 0xff, 0x00, 0x00, 0x00, 0xff, 0x00, 0x00, 0x00, 0xff, 0x00, 0x00, 0x00, 0xff,
	0x00, 0x00, 0x00, 0xff, 0x00, 0x00, 0x00, 0xff, 0x00, 0x00, 0x00, 0xff, 0x00, 0x00, 0x00, 0xff,
	0x00, 0x00, 0x00, 0xff, 0x00, 0x00, 0x00, 0x00, 0x00, 0x00, 0x00, 0x0e, 0x00, 0x00, 0x00, 0x10,
	0x00, 0x00, 0x00, 0x30, 0x00, 0x00, 0x00, 0x00, 0x00, 0x00, 0x00, 0x00, 0x00, 0x00, 0x00, 0x00,
	0x00, 0x00, 0x00, 0x00, 0x00, 0x00, 0x00, 0x01, 0xd0, 0x60, 0x01, 0x34, 0x00, 0x00, 0x00, 0x00,
	0x00, 0x00, 0x00, 0x00, 0x00, 0x00, 0x00, 0x01, 0xd0, 0x60, 0x01, 0x48, 0x00, 0x00, 0x00, 0x00,
	0x00, 0x00, 0x00, 0x00, 0x00, 0x00, 0x00, 0x02, 0xd0, 0x60, 0x01, 0x50, 0x00, 0x00, 0x00, 0x00,
	0x00, 0x00, 0x00, 0x00, 0x00, 0x00, 0x00, 0x00, 0x00, 0x00, 0x00, 0x00, 0x00, 0x00, 0x00, 0x00,
	0x00, 0x00, 0x00, 0x00, 0x00, 0x00, 0x00, 0x00, 0x00, 0x00, 0x00, 0x00, 0x00, 0x00, 0x00, 0x00,
	0x00, 0x00, 0x00, 0x00, 0xca, 0x70, 0x01, 0x70, 0x00, 0x00, 0x00, 0x0b, 0x00, 0x00, 0x00, 0x01,
	0x00, 0x00, 0x00, 0x00, 0xff, 0xff, 0xff, 0xff, 0x00, 0x00, 0x00, 0x00, 0x01, 0x00, 0x0f, 0xff,
	0xca, 0x70, 0x01, 0x74, 0x00, 0x00, 0x00, 0x09, 0x00, 0x00, 0x00, 0x00, 0x00, 0x00, 0x00, 0x00,
	0xca, 0x70, 0x01, 0x7c, 0x00, 0x00, 0x00, 0x09, 0x00, 0x00, 0x00, 0x00, 0x00, 0x00, 0x00, 0x01,
	0x75, 0x58, 0x66, 0x00, 0x61, 0x50, 0x6f, 0x73, 0x00, 0x00, 0x00, 0x00, 0x61, 0x55, 0x56, 0x00,
	0xd0, 0x60, 0x00, 0xe8, 0xd0, 0x60, 0x00, 0xf8, 0xd0, 0x60, 0x01, 0x08, 0xca, 0x70, 0x01, 0x34,
	0xca, 0x70, 0x01, 0x50, 0xca, 0x70, 0x01, 0x60, 0x7d, 0x42, 0x4c, 0x4b, 0x00, 0x00, 0x00, 0x28,
	0x00, 0x00, 0x00, 0x00, 0x00, 0x00, 0x01, 0x80, 0xd0, 0x60, 0x00, 0x00, 0x00, 0x00, 0x00, 0x10,
	0xd0, 0x60, 0x01, 0x70, 0x00, 0x00, 0x00, 0x00, 0x00, 0x00, 0x00, 0x06, 0xd0, 0x60, 0x01, 0x80,
	0x42, 0x4c, 0x4b, 0x7b, 0x00, 0x00, 0x00, 0x20, 0x00, 0x00, 0x00, 0x01, 0x00, 0x00, 0x00, 0x00,
	0x00, 0x00, 0x00, 0x05, 0x00, 0x00, 0x00, 0x30, 0x00, 0x00, 0x00, 0x01, 0x00, 0x00, 0x00, 0x00,
	0x00, 0x00, 0x00, 0x00, 0x00, 0x00, 0x80, 0x89, 0x04, 0x00, 0x00, 0x00, 0x00, 0x00, 0x04, 0xa0,
	0x00, 0x40, 0x01, 0xc0, 0xc8, 0x0f, 0x00, 0x94, 0x3c, 0x20, 0x00, 0xc0, 0x08, 0x0b, 0x20, 0x94,
	0x01, 0x00, 0x20, 0x01, 0x00, 0x81, 0x02, 0x00, 0x01, 0x04, 0xa0, 0x81, 0x00, 0x85, 0x02, 0x20,
	0x42, 0x4c, 0x4b, 0x7b, 0x00, 0x00, 0x00, 0x20, 0x00, 0x00, 0x00, 0x01, 0x00, 0x00, 0x00, 0x00,
	0x00, 0x00, 0x00, 0x06, 0x00, 0x00, 0x01, 0x38, 0x00, 0x00, 0x00, 0x02, 0x00, 0x00, 0x00, 0x00,
	0x00, 0x20, 0x00, 0x01, 0x00, 0x00, 0x00, 0x02, 0x10, 0x00, 0x00, 0x01, 0x00, 0x00, 0x00, 0x00,
	0x00, 0x00, 0x00, 0x01, 0x00, 0x00, 0x00, 0x8a, 0x00, 0x00, 0x00, 0x00, 0x00, 0x00, 0x00, 0x00,
	0x00, 0x00, 0x00, 0x00, 0x00, 0x00, 0x00, 0x00, 0x00, 0x00, 0x00, 0x00, 0x00, 0x00, 0x00, 0x00,
	0x00, 0x00, 0x00, 0x00, 0x00, 0x00, 0x00, 0x00, 0x00, 0x00, 0x00, 0x00, 0x00, 0x00, 0x00, 0x00,
	0x00, 0x00, 0x00, 0x00, 0x00, 0x00, 0x00, 0x00, 0x00, 0x00, 0x00, 0x00, 0x00, 0x00, 0x00, 0x00,
	0x00, 0x00, 0x00, 0x00, 0x00, 0x00, 0x00, 0x00, 0x00, 0x00, 0x00, 0x00, 0x00, 0x00, 0x00, 0x00,
	0x00, 0x00, 0x00, 0x00, 0x00, 0x00, 0x00, 0x00, 0x00, 0x00, 0x00, 0x00, 0x00, 0x00, 0x00, 0x00,
	0x00, 0x00, 0x00, 0x00, 0x00, 0x00, 0x00, 0x00, 0x00, 0x00, 0x00, 0x00, 0x00, 0x00, 0x00, 0x00,
	0x00, 0x00, 0x00, 0x00, 0x00, 0x00, 0x00, 0x00, 0x00, 0x00, 0x00, 0x00, 0x00, 0x00, 0x00, 0x00,
	0x00, 0x00, 0x00, 0x00, 0x00, 0x00, 0x00, 0x0f, 0x00, 0x00, 0x00, 0x01, 0x00, 0x00, 0x00, 0x10,
	0x00, 0x00, 0x00, 0x00, 0x00, 0x00, 0x00, 0x20, 0x00, 0x00, 0x00, 0x00, 0x00, 0x00, 0x00, 0x00,
	0x00, 0x00, 0x00, 0x00, 0x00, 0x00, 0x00, 0x00, 0x00, 0x00, 0x00, 0x00, 0x00, 0x00, 0x00, 0x00,
	0x00, 0x00, 0x00, 0x00, 0x00, 0x00, 0x00, 0x00, 0x00, 0x00, 0x00, 0x01, 0xd0, 0x60, 0x00, 0xe8,
	0x00, 0x00, 0x00, 0x01, 0xd0, 0x60, 0x00, 0xf0, 0x00, 0x00, 0x00, 0x00, 0x00, 0x00, 0x00, 0x00,
	0x00, 0x00, 0x00, 0x00, 0x00, 0x00, 0x00, 0x00, 0x00, 0x00, 0x00, 0x00, 0x01, 0x00, 0x0f, 0xff,
	0xca, 0x70, 0x00, 0xfc, 0x00, 0x00, 0x00, 0x01, 0x00, 0x00, 0x00, 0x00, 0x75, 0x54, 0x65, 0x78,
	0x30, 0x00, 0x00, 0x00, 0xd0, 0x60, 0x00, 0xcc, 0xd0, 0x60, 0x00, 0xd4, 0xca, 0x70, 0x00, 0xf0,
	0x7d, 0x42, 0x4c, 0x4b, 0x00, 0x00, 0x00, 0x28, 0x00, 0x00, 0x00, 0x00, 0x00, 0x00, 0x01, 0x04,
	0xd0, 0x60, 0x00, 0x00, 0x00, 0x00, 0x00, 0x08, 0xd0, 0x60, 0x00, 0xfc, 0x00, 0x00, 0x00, 0x00,
	0x00, 0x00, 0x00, 0x03, 0xd0, 0x60, 0x01, 0x04, 0x42, 0x4c, 0x4b, 0x7b, 0x00, 0x00, 0x00, 0x20,
	0x00, 0x00, 0x00, 0x01, 0x00, 0x00, 0x00, 0x00, 0x00, 0x00, 0x00, 0x07, 0x00, 0x00, 0x00, 0x20,
	0x00, 0x00, 0x00, 0x03, 0x00, 0x00, 0x00, 0x00, 0x02, 0x00, 0x00, 0x00, 0x00, 0x00, 0x80, 0x80,
	0x00, 0x00, 0x00, 0xc0, 0x88, 0x06, 0x20, 0x94, 0x10, 0x00, 0x00, 0x00, 0x00, 0x10, 0x0d, 0xf0,
	0x00, 0x00, 0x80, 0xfc, 0x00, 0x00, 0x00, 0x00, 0x42, 0x4c, 0x4b, 0x7b, 0x00, 0x00, 0x00, 0x20,
	0x00, 0x00, 0x00, 0x01, 0x00, 0x00, 0x00, 0x00, 0x00, 0x00, 0x00, 0x01, 0x00, 0x00, 0x00, 0x00,
	0x00, 0x00, 0x00, 0x04, 0x00, 0x00, 0x00, 0x00,
};

}
